"study","condition_id","n_clusters","beta","contamination","random_slope_sd","method_scope","replicate","method","true_beta","estimate","std_error","df","p_value","conf_low","conf_high","reject","cover","fit_success","converged","singular","retained_clusters","estimated_random_intercept_sd","estimated_random_slope_sd","warning","optimizer_warning","optimizer_code","error","template_warning","template_error","cluster_warning_count","cluster_error_count","dropped_cluster_count","cluster_warning_ids","cluster_error_ids","dropped_cluster_ids","runtime_sec","cluster_diagnostics","realized_mean_slope","realized_random_slope_sd"
"Study 1","P4D_S1_01",10,0,"none",NA,"all",1,"ri",0,-0.0212543235500108,0.0500941487614628,389.160649342715,0.671590567790237,-0.11974335396483,0.0772347068648088,FALSE,TRUE,TRUE,TRUE,FALSE,10,NA,NA,NA,NA,NA,NA,NA,NA,NA,NA,NA,NA,NA,NA,0.670000000000002,list(cluster = character(0), intercept = numeric(0), x = numeric(0), retained = logical(0), warning = character(0), error = character(0)),NA,NA
"Study 1","P4D_S1_01",10,0,"none",NA,"all",1,"cr2",0,-0.0683480718689272,0.0603764937487139,8.73364523459233,0.287743882722649,-0.205566787853928,0.0688706441160734,FALSE,TRUE,TRUE,NA,NA,10,NA,NA,NA,NA,NA,NA,NA,NA,NA,NA,NA,NA,NA,NA,0.0600000000000023,list(cluster = character(0), intercept = numeric(0), x = numeric(0), retained = logical(0), warning = character(0), error = character(0)),NA,NA
"Study 1","P4D_S1_01",10,0,"none",NA,"all",1,"cats",0,-0.0206219207869003,0.0512471399028431,9,0.696778511451015,-0.136551005391039,0.0953071638172379,FALSE,TRUE,TRUE,NA,NA,10,NA,NA,NA,NA,NA,NA,NA,NA,NA,NA,NA,NA,NA,NA,0.0999999999999943,list(cluster = character(0), intercept = numeric(0), x = numeric(0), retained = logical(0), warning = character(0), error = character(0)),NA,NA
"Study 1","P4D_S1_01",10,0,"none",NA,"all",1,"cats_trunc",0,-0.0206219207869003,0.0512471399028431,9,0.696778511451015,-0.136551005391039,0.0953071638172379,FALSE,TRUE,TRUE,NA,NA,10,NA,NA,NA,NA,NA,NA,NA,NA,NA,NA,NA,NA,NA,NA,0.0600000000000023,list(cluster = character(0), intercept = numeric(0), x = numeric(0), retained = logical(0), warning = character(0), error = character(0)),NA,NA
"Study 1","P4D_S1_01",10,0,"none",NA,"all",1,"cats_robust",0,-0.0180144359064393,0.0542889891390378,9,0.747618326916612,-0.140824661548388,0.104795789735509,FALSE,TRUE,TRUE,NA,NA,10,NA,NA,"Cluster : ",NA,NA,NA,NA,NA,0,0,0,NA,NA,NA,0.0999999999999943,list(cluster = c("1", "2", "3", "4", "5", "6", "7", "8", "9", "10"), intercept = c(-0.326116718502773, -0.559667144823114, -1.2869788611021, 0.8484642550901, 0.399725266159986, 0.728685901850402, -0.525962773539769, 1.79437742025885, 0.193676355299759, 0.201049381738692), x = c(-0.0054536017806485, -0.225475983618209, -0.0699768579895946, 0.0457225683891496, -0.23049752481379, -0.214331318391199, 0.102382155289128, -0.0282004246975504, 0.245007889555662, 0.200678738992658), retained = c(TRUE, TRUE, 
TRUE, TRUE, TRUE, TRUE, TRUE, TRUE, TRUE, TRUE), warning = c(NA, NA, NA, NA, NA, NA, NA, NA, NA, NA), error = c(NA, NA, NA, NA, NA, NA, NA, NA, NA, NA)),NA,NA
"Study 1","P4D_S1_01",10,0,"none",NA,"all",1,"cats_robustbase",0,-0.0211394325223157,0.0552082134690412,9,0.710677815828271,-0.1460290880666,0.103750223021968,FALSE,TRUE,TRUE,NA,NA,10,NA,NA,"Cluster : ",NA,NA,NA,NA,NA,0,0,0,NA,NA,NA,0.220000000000013,list(cluster = c("1", "2", "3", "4", "5", "6", "7", "8", "9", "10"), intercept = c(-0.360444836924726, -0.542221409021794, -1.35779444721631, 0.846281310319377, 0.397437747878074, 0.780876437084544, -0.491526328613557, 1.7846588533651, 0.162631302047909, 0.160970286405206), x = c(0.000569270759877129, -0.236638256791055, -0.0839456356107786, 0.0603870696041213, -0.222381528028916, -0.233458646954474, 0.100185110239257, -0.0336510580857886, 0.243732041495187, 0.193807308149412), retained = c(TRUE, 
TRUE, TRUE, TRUE, TRUE, TRUE, TRUE, TRUE, TRUE, TRUE), warning = c(NA, NA, NA, NA, NA, NA, NA, NA, NA, NA), error = c(NA, NA, NA, NA, NA, NA, NA, NA, NA, NA)),NA,NA
"Study 1","P4D_S1_01",10,0,"none",NA,"all",1,"robust_ri",0,-0.0179971138671218,0.0507861603817545,196.242945139378,0.723441776100547,-0.118153823978232,0.082159596243988,FALSE,TRUE,TRUE,TRUE,FALSE,10,0.86078144049026,NA,NA,NA,0,NA,NA,NA,NA,NA,NA,NA,NA,NA,14.61,list(cluster = character(0), intercept = numeric(0), x = numeric(0), retained = logical(0), warning = character(0), error = character(0)),NA,NA
"Study 1","P4D_S1_02",10,0.1,"none",NA,"all",1,"ri",0.1,0.0787456764460362,0.0500941487631479,389.160649343187,0.116773957695181,-0.019743353972096,0.177234706864169,FALSE,TRUE,TRUE,TRUE,FALSE,10,NA,NA,NA,NA,NA,NA,NA,NA,NA,NA,NA,NA,NA,NA,0.320000000000007,list(cluster = character(0), intercept = numeric(0), x = numeric(0), retained = logical(0), warning = character(0), error = character(0)),NA,NA
"Study 1","P4D_S1_02",10,0.1,"none",NA,"all",1,"cr2",0.1,0.0316519281310728,0.0603764937487139,8.73364523459233,0.613152638648362,-0.105566787853928,0.168870644116073,FALSE,TRUE,TRUE,NA,NA,10,NA,NA,NA,NA,NA,NA,NA,NA,NA,NA,NA,NA,NA,NA,0.0599999999999881,list(cluster = character(0), intercept = numeric(0), x = numeric(0), retained = logical(0), warning = character(0), error = character(0)),NA,NA
"Study 1","P4D_S1_02",10,0.1,"none",NA,"all",1,"cats",0.1,0.0793780792130997,0.0512471399028431,9,0.155808041748309,-0.0365510053910386,0.195307163817238,FALSE,TRUE,TRUE,NA,NA,10,NA,NA,NA,NA,NA,NA,NA,NA,NA,NA,NA,NA,NA,NA,0.0300000000000011,list(cluster = character(0), intercept = numeric(0), x = numeric(0), retained = logical(0), warning = character(0), error = character(0)),NA,NA
"Study 1","P4D_S1_02",10,0.1,"none",NA,"all",1,"cats_trunc",0.1,0.0793780792130997,0.0512471399028431,9,0.155808041748309,-0.0365510053910386,0.195307163817238,FALSE,TRUE,TRUE,NA,NA,10,NA,NA,NA,NA,NA,NA,NA,NA,NA,NA,NA,NA,NA,NA,0.0300000000000011,list(cluster = character(0), intercept = numeric(0), x = numeric(0), retained = logical(0), warning = character(0), error = character(0)),NA,NA
"Study 1","P4D_S1_02",10,0.1,"none",NA,"all",1,"cats_robust",0.1,0.0819855640935607,0.0542889891390378,9,0.16528205688577,-0.0408246615483876,0.204795789735509,FALSE,TRUE,TRUE,NA,NA,10,NA,NA,"Cluster : ",NA,NA,NA,NA,NA,0,0,0,NA,NA,NA,0.0799999999999983,list(cluster = c("1", "2", "3", "4", "5", "6", "7", "8", "9", "10"), intercept = c(-0.326116718502773, -0.559667144823114, -1.2869788611021, 0.8484642550901, 0.399725266159985, 0.728685901850402, -0.525962773539769, 1.79437742025885, 0.193676355299759, 0.201049381738692), x = c(0.0945463982193515, -0.125475983618209, 0.0300231420104055, 0.14572256838915, -0.13049752481379, -0.114331318391199, 0.202382155289128, 0.0717995753024496, 0.345007889555662, 0.300678738992658), retained = c(TRUE, TRUE, TRUE, 
TRUE, TRUE, TRUE, TRUE, TRUE, TRUE, TRUE), warning = c(NA, NA, NA, NA, NA, NA, NA, NA, NA, NA), error = c(NA, NA, NA, NA, NA, NA, NA, NA, NA, NA)),NA,NA
"Study 1","P4D_S1_02",10,0.1,"none",NA,"all",1,"cats_robustbase",0.1,0.0788605661751623,0.0552082140256218,9,0.18694127707776,-0.0460290906281944,0.203750222978519,FALSE,TRUE,TRUE,NA,NA,10,NA,NA,"Cluster : ",NA,NA,NA,NA,NA,0,0,0,NA,NA,NA,0.140000000000001,list(cluster = c("1", "2", "3", "4", "5", "6", "7", "8", "9", "10"), intercept = c(-0.360444836924726, -0.542221409021794, -1.35779444721631, 0.846281310319377, 0.397437747878074, 0.780876454286249, -0.491526328613557, 1.7846588533651, 0.162631302047909, 0.160970286405205), x = c(0.100569270759877, -0.136638256791055, 0.0160543643892215, 0.160387069604121, -0.122381528028916, -0.133458659979693, 0.200185110239257, 0.0663489419142114, 0.343732041495187, 0.293807308149411), retained = c(TRUE, TRUE, 
TRUE, TRUE, TRUE, TRUE, TRUE, TRUE, TRUE, TRUE), warning = c(NA, NA, NA, NA, NA, NA, NA, NA, NA, NA), error = c(NA, NA, NA, NA, NA, NA, NA, NA, NA, NA)),NA,NA
"Study 1","P4D_S1_02",10,0.1,"none",NA,"all",1,"robust_ri",0.1,0.0820028861328783,0.0507861603817545,196.242945141652,0.107988861518424,-0.0181538239782243,0.182159596243981,FALSE,TRUE,TRUE,TRUE,FALSE,10,0.860781440490261,NA,NA,NA,0,NA,NA,NA,NA,NA,NA,NA,NA,NA,14.08,list(cluster = character(0), intercept = numeric(0), x = numeric(0), retained = logical(0), warning = character(0), error = character(0)),NA,NA
"Study 1","P4D_S1_03",10,0,"vertical",NA,"all",1,"ri",0,-0.0370441375617236,0.0890289865807207,389.615616342629,0.677572698823183,-0.212081479100463,0.137993203977016,FALSE,TRUE,TRUE,TRUE,FALSE,10,NA,NA,NA,NA,NA,NA,NA,NA,NA,NA,NA,NA,NA,NA,0.290000000000006,list(cluster = character(0), intercept = numeric(0), x = numeric(0), retained = logical(0), warning = character(0), error = character(0)),NA,NA
"Study 1","P4D_S1_03",10,0,"vertical",NA,"all",1,"cr2",0,-0.0766896584573412,0.0949976127435703,8.73364523459233,0.440935586168292,-0.292592398629144,0.139213081714462,FALSE,TRUE,TRUE,NA,NA,10,NA,NA,NA,NA,NA,NA,NA,NA,NA,NA,NA,NA,NA,NA,0.0499999999999972,list(cluster = character(0), intercept = numeric(0), x = numeric(0), retained = logical(0), warning = character(0), error = character(0)),NA,NA
"Study 1","P4D_S1_03",10,0,"vertical",NA,"all",1,"cats",0,-0.0224357147261839,0.0833944024074649,9,0.79397130037671,-0.211086959469506,0.166215530017139,FALSE,TRUE,TRUE,NA,NA,10,NA,NA,NA,NA,NA,NA,NA,NA,NA,NA,NA,NA,NA,NA,0.0300000000000011,list(cluster = character(0), intercept = numeric(0), x = numeric(0), retained = logical(0), warning = character(0), error = character(0)),NA,NA
"Study 1","P4D_S1_03",10,0,"vertical",NA,"all",1,"cats_trunc",0,-0.0224357147261839,0.0833944024074649,9,0.79397130037671,-0.211086959469506,0.166215530017139,FALSE,TRUE,TRUE,NA,NA,10,NA,NA,NA,NA,NA,NA,NA,NA,NA,NA,NA,NA,NA,NA,0.0499999999999972,list(cluster = character(0), intercept = numeric(0), x = numeric(0), retained = logical(0), warning = character(0), error = character(0)),NA,NA
"Study 1","P4D_S1_03",10,0,"vertical",NA,"all",1,"cats_robust",0,-0.0235997225117524,0.0607058984838733,9,0.706494449192712,-0.160926005591147,0.113726560567642,FALSE,TRUE,TRUE,NA,NA,10,NA,NA,"Cluster : ",NA,NA,NA,NA,NA,0,0,0,NA,NA,NA,0.0600000000000023,list(cluster = c("1", "2", "3", "4", "5", "6", "7", "8", "9", "10"), intercept = c(-0.371406509401445, -0.478445166800972, -1.23942142813754, 0.869210887021092, 0.427284314243097, 0.749285396220596, -0.525162416090718, 1.81520832305401, 0.177808379649691, 0.194613608746687), x = c(-0.000817747345395451, -0.242489534469864, -0.0746449991456777, -0.00292046157832357, -0.297748942722491, -0.213815239853542, 0.0999752574560037, -0.01024423463295, 0.251412295035724, 0.255296382138992), retained = c(TRUE, 
TRUE, TRUE, TRUE, TRUE, TRUE, TRUE, TRUE, TRUE, TRUE), warning = c(NA, NA, NA, NA, NA, NA, NA, NA, NA, NA), error = c(NA, NA, NA, NA, NA, NA, NA, NA, NA, NA)),NA,NA
"Study 1","P4D_S1_03",10,0,"vertical",NA,"all",1,"cats_robustbase",0,-0.0264955008242657,0.0560873897722326,9,0.647888375077616,-0.153373991340176,0.100382989691645,FALSE,TRUE,TRUE,NA,NA,10,NA,NA,"Cluster : ",NA,NA,NA,NA,NA,0,0,0,NA,NA,NA,0.140000000000001,list(cluster = c("1", "2", "3", "4", "5", "6", "7", "8", "9", "10"), intercept = c(-0.41574652562058, -0.444631556597456, -1.3432667515076, 0.873890593954675, 0.419740562362251, 0.835504168854624, -0.492912207688047, 1.80041373264376, 0.147617497225333, 0.175566981217287), x = c(0.00949710792302079, -0.223466782676666, -0.0733461834464577, -0.00109693735987441, -0.284124475646513, -0.215006443426333, 0.0941830165428326, -0.0154526696212903, 0.23099539006535, 0.212862969403276), retained = c(TRUE, 
TRUE, TRUE, TRUE, TRUE, TRUE, TRUE, TRUE, TRUE, TRUE), warning = c(NA, NA, NA, NA, NA, NA, NA, NA, NA, NA), error = c(NA, NA, NA, NA, NA, NA, NA, NA, NA, NA)),NA,NA
"Study 1","P4D_S1_03",10,0,"vertical",NA,"all",1,"robust_ri",0,-0.0293004891835031,0.0567923210423832,294.18621806441,0.606295417770731,-0.141071215212269,0.0824702368452629,FALSE,TRUE,TRUE,TRUE,FALSE,10,0.864175202254197,NA,NA,NA,0,NA,NA,NA,NA,NA,NA,NA,NA,NA,13.84,list(cluster = character(0), intercept = numeric(0), x = numeric(0), retained = logical(0), warning = character(0), error = character(0)),NA,NA
"Study 1","P4D_S1_04",10,0.1,"vertical",NA,"all",1,"ri",0.1,0.0629558625118415,0.0890289865652517,389.615616333142,0.479902867174028,-0.112081478996498,0.237993204020181,FALSE,TRUE,TRUE,TRUE,FALSE,10,NA,NA,NA,NA,NA,NA,NA,NA,NA,NA,NA,NA,NA,NA,0.310000000000002,list(cluster = character(0), intercept = numeric(0), x = numeric(0), retained = logical(0), warning = character(0), error = character(0)),NA,NA
"Study 1","P4D_S1_04",10,0.1,"vertical",NA,"all",1,"cr2",0.1,0.0233103415426587,0.0949976127435703,8.73364523459233,0.811832121171072,-0.192592398629144,0.239213081714461,FALSE,TRUE,TRUE,NA,NA,10,NA,NA,NA,NA,NA,NA,NA,NA,NA,NA,NA,NA,NA,NA,0.0499999999999972,list(cluster = character(0), intercept = numeric(0), x = numeric(0), retained = logical(0), warning = character(0), error = character(0)),NA,NA
"Study 1","P4D_S1_04",10,0.1,"vertical",NA,"all",1,"cats",0.1,0.0775642852738161,0.0833944024074649,9,0.376597715366963,-0.111086959469506,0.266215530017139,FALSE,TRUE,TRUE,NA,NA,10,NA,NA,NA,NA,NA,NA,NA,NA,NA,NA,NA,NA,NA,NA,0.0400000000000063,list(cluster = character(0), intercept = numeric(0), x = numeric(0), retained = logical(0), warning = character(0), error = character(0)),NA,NA
"Study 1","P4D_S1_04",10,0.1,"vertical",NA,"all",1,"cats_trunc",0.1,0.0775642852738161,0.0833944024074649,9,0.376597715366963,-0.111086959469506,0.266215530017139,FALSE,TRUE,TRUE,NA,NA,10,NA,NA,NA,NA,NA,NA,NA,NA,NA,NA,NA,NA,NA,NA,0.0300000000000011,list(cluster = character(0), intercept = numeric(0), x = numeric(0), retained = logical(0), warning = character(0), error = character(0)),NA,NA
"Study 1","P4D_S1_04",10,0.1,"vertical",NA,"all",1,"cats_robust",0.1,0.0764002774882476,0.0607058984838733,9,0.23986555097415,-0.0609260055911471,0.213726560567642,FALSE,TRUE,TRUE,NA,NA,10,NA,NA,"Cluster : ",NA,NA,NA,NA,NA,0,0,0,NA,NA,NA,0.0699999999999932,list(cluster = c("1", "2", "3", "4", "5", "6", "7", "8", "9", "10"), intercept = c(-0.371406509401445, -0.478445166800972, -1.23942142813754, 0.869210887021092, 0.427284314243097, 0.749285396220596, -0.525162416090718, 1.81520832305401, 0.177808379649691, 0.194613608746687), x = c(0.0991822526546045, -0.142489534469864, 0.0253550008543223, 0.0970795384216765, -0.197748942722491, -0.113815239853542, 0.199975257456004, 0.0897557653670499, 0.351412295035723, 0.355296382138993), retained = c(TRUE, TRUE, 
TRUE, TRUE, TRUE, TRUE, TRUE, TRUE, TRUE, TRUE), warning = c(NA, NA, NA, NA, NA, NA, NA, NA, NA, NA), error = c(NA, NA, NA, NA, NA, NA, NA, NA, NA, NA)),NA,NA
"Study 1","P4D_S1_04",10,0.1,"vertical",NA,"all",1,"cats_robustbase",0.1,0.0735044849410422,0.0560873825112181,9,0.222470156981161,-0.0533739891493127,0.200382959031397,FALSE,TRUE,TRUE,NA,NA,10,NA,NA,"Cluster : ",NA,NA,NA,NA,NA,0,0,0,NA,NA,NA,0.140000000000001,list(cluster = c("1", "2", "3", "4", "5", "6", "7", "8", "9", "10"), intercept = c(-0.41574652562058, -0.444631556597946, -1.3432667515076, 0.873890593954807, 0.419740562362251, 0.835504168854624, -0.492912207687877, 1.80041373264376, 0.147617465556064, 0.175566981217287), x = c(0.109497107923021, -0.123466782677583, 0.0266538165535422, 0.098903062640182, -0.184124475646513, -0.115006443426333, 0.194183016542801, 0.0845473303787096, 0.33099524771932, 0.312862969403276), retained = c(TRUE, TRUE, TRUE, 
TRUE, TRUE, TRUE, TRUE, TRUE, TRUE, TRUE), warning = c(NA, NA, NA, NA, NA, NA, NA, NA, NA, NA), error = c(NA, NA, NA, NA, NA, NA, NA, NA, NA, NA)),NA,NA
"Study 1","P4D_S1_04",10,0.1,"vertical",NA,"all",1,"robust_ri",0.1,0.070699510816497,0.0567923210423833,294.18621808287,0.214167349421188,-0.04107121521224,0.182470236845234,FALSE,TRUE,TRUE,TRUE,FALSE,10,0.864175202254196,NA,NA,NA,0,NA,NA,NA,NA,NA,NA,NA,NA,NA,14.26,list(cluster = character(0), intercept = numeric(0), x = numeric(0), retained = logical(0), warning = character(0), error = character(0)),NA,NA
"Study 1","P4D_S1_05",10,0,"bad_leverage",NA,"all",1,"ri",0,-0.0204842449611144,0.0374874418451947,389.413473255857,0.585083657322626,-0.0941873502856697,0.0532188603634408,FALSE,TRUE,TRUE,TRUE,FALSE,10,NA,NA,NA,NA,NA,NA,NA,NA,NA,NA,NA,NA,NA,NA,0.430000000000007,list(cluster = character(0), intercept = numeric(0), x = numeric(0), retained = logical(0), warning = character(0), error = character(0)),NA,NA
"Study 1","P4D_S1_05",10,0,"bad_leverage",NA,"all",1,"cr2",0,-0.0887174082632769,0.0567964582747389,8.90509167420842,0.153075780951619,-0.217408961831695,0.0399741453051411,FALSE,TRUE,TRUE,NA,NA,10,NA,NA,NA,NA,NA,NA,NA,NA,NA,NA,NA,NA,NA,NA,0.0599999999999881,list(cluster = character(0), intercept = numeric(0), x = numeric(0), retained = logical(0), warning = character(0), error = character(0)),NA,NA
"Study 1","P4D_S1_05",10,0,"bad_leverage",NA,"all",1,"cats",0,-0.0164533093161051,0.0233298816865836,9,0.498501719400385,-0.0692291682806448,0.0363225496484347,FALSE,TRUE,TRUE,NA,NA,10,NA,NA,NA,NA,NA,NA,NA,NA,NA,NA,NA,NA,NA,NA,0.25,list(cluster = character(0), intercept = numeric(0), x = numeric(0), retained = logical(0), warning = character(0), error = character(0)),NA,NA
"Study 1","P4D_S1_05",10,0,"bad_leverage",NA,"all",1,"cats_trunc",0,-0.0164533093161051,0.0233298816865836,9,0.498501719400385,-0.0692291682806448,0.0363225496484347,FALSE,TRUE,TRUE,NA,NA,10,NA,NA,NA,NA,NA,NA,NA,NA,NA,NA,NA,NA,NA,NA,0.0499999999999972,list(cluster = character(0), intercept = numeric(0), x = numeric(0), retained = logical(0), warning = character(0), error = character(0)),NA,NA
"Study 1","P4D_S1_05",10,0,"bad_leverage",NA,"all",1,"cats_robust",0,-0.0243432675587844,0.0239054534102221,9,0.335120366682111,-0.0784211602206572,0.0297346251030883,FALSE,TRUE,TRUE,NA,NA,10,NA,NA,"Cluster : ",NA,NA,NA,NA,NA,0,0,0,NA,NA,NA,0.0799999999999983,list(cluster = c("1", "2", "3", "4", "5", "6", "7", "8", "9", "10"), intercept = c(-0.36253206452517, -0.586924204754518, -1.26029557880765, 0.8485310725385, 0.391979682029703, 0.72676727300815, -0.487996511654609, 1.81120660856533, 0.15385388574539, 0.141369848375603), x = c(0.0663201711982267, -0.0954592534472025, -0.134687481671667, -0.052576766252773, 0.00772109806183238, -0.118857366160859, 0.0261371679509101, -0.0232374244655879, 0.0866216322003519, -0.00541445300107572), retained = c(TRUE, 
TRUE, TRUE, TRUE, TRUE, TRUE, TRUE, TRUE, TRUE, TRUE), warning = c(NA, NA, NA, NA, NA, NA, NA, NA, NA, NA), error = c(NA, NA, NA, NA, NA, NA, NA, NA, NA, NA)),NA,NA
"Study 1","P4D_S1_05",10,0,"bad_leverage",NA,"all",1,"cats_robustbase",0,-0.0208016503458685,0.0259293589459687,9,0.443079382110751,-0.0794579354122572,0.0378546347205202,FALSE,TRUE,TRUE,NA,NA,10,NA,NA,"Cluster : ",NA,NA,NA,NA,NA,0,0,0,NA,NA,NA,0.200000000000003,list(cluster = c("1", "2", "3", "4", "5", "6", "7", "8", "9", "10"), intercept = c(-0.400024564660588, -0.567505653320291, -1.33892705812112, 0.848006385076485, 0.360204526219042, 0.759725989383132, -0.450881863265583, 1.79923601510448, 0.152087921304145, 0.142947145000376), x = c(0.0766877688843695, -0.116008739618157, -0.132592718703845, -0.0575794676562737, 0.0257082104284647, -0.115408134488144, 0.0214845294122409, -0.0267492285970521, 0.0947263128935987, 0.0217149639861132), retained = c(TRUE, 
TRUE, TRUE, TRUE, TRUE, TRUE, TRUE, TRUE, TRUE, TRUE), warning = c(NA, NA, NA, NA, NA, NA, NA, NA, NA, NA), error = c(NA, NA, NA, NA, NA, NA, NA, NA, NA, NA)),NA,NA
"Study 1","P4D_S1_05",10,0,"bad_leverage",NA,"all",1,"robust_ri",0,-0.0215792335184999,0.038075225648094,201.995491759876,0.571511484801069,-0.0966551124657525,0.0534966454287528,FALSE,TRUE,TRUE,TRUE,FALSE,10,0.861874694808455,NA,NA,NA,0,NA,NA,NA,NA,NA,NA,NA,NA,NA,20.65,list(cluster = character(0), intercept = numeric(0), x = numeric(0), retained = logical(0), warning = character(0), error = character(0)),NA,NA
"Study 1","P4D_S1_06",10,0.1,"bad_leverage",NA,"all",1,"ri",0.1,0.0319740820818794,0.0375789114431377,389.413729204313,0.395374591102526,-0.0419088591398237,0.105857023303583,FALSE,TRUE,TRUE,TRUE,FALSE,10,NA,NA,NA,NA,NA,NA,NA,NA,NA,NA,NA,NA,NA,NA,0.409999999999997,list(cluster = character(0), intercept = numeric(0), x = numeric(0), retained = logical(0), warning = character(0), error = character(0)),NA,NA
"Study 1","P4D_S1_06",10,0.1,"bad_leverage",NA,"all",1,"cr2",0.1,-0.0367044295731744,0.0575007635103888,8.90509167420842,0.53932605385718,-0.166991824461904,0.0935829653155548,FALSE,FALSE,TRUE,NA,NA,10,NA,NA,NA,NA,NA,NA,NA,NA,NA,NA,NA,NA,NA,NA,0.0599999999999739,list(cluster = character(0), intercept = numeric(0), x = numeric(0), retained = logical(0), warning = character(0), error = character(0)),NA,NA
"Study 1","P4D_S1_06",10,0.1,"bad_leverage",NA,"all",1,"cats",0.1,0.0357160783589763,0.0236317703640713,9,0.164983941464049,-0.01774270023971,0.0891748569576626,FALSE,FALSE,TRUE,NA,NA,10,NA,NA,NA,NA,NA,NA,NA,NA,NA,NA,NA,NA,NA,NA,0.0499999999999829,list(cluster = character(0), intercept = numeric(0), x = numeric(0), retained = logical(0), warning = character(0), error = character(0)),NA,NA
"Study 1","P4D_S1_06",10,0.1,"bad_leverage",NA,"all",1,"cats_trunc",0.1,0.0357160783589763,0.0236317703640713,9,0.164983941464049,-0.01774270023971,0.0891748569576626,FALSE,FALSE,TRUE,NA,NA,10,NA,NA,NA,NA,NA,NA,NA,NA,NA,NA,NA,NA,NA,NA,0.0600000000000023,list(cluster = character(0), intercept = numeric(0), x = numeric(0), retained = logical(0), warning = character(0), error = character(0)),NA,NA
"Study 1","P4D_S1_06",10,0.1,"bad_leverage",NA,"all",1,"cats_robust",0.1,0.0351952422582661,0.030399098018691,9,0.276757598464351,-0.0335722950673204,0.103962779583853,FALSE,TRUE,TRUE,NA,NA,10,NA,NA,"Cluster : ",NA,NA,NA,NA,NA,0,0,0,NA,NA,NA,0.0999999999999943,list(cluster = c("1", "2", "3", "4", "5", "6", "7", "8", "9", "10"), intercept = c(-0.369968865999404, -0.577729943409515, -1.25973513244056, 0.843605081641653, 0.395441030679622, 0.727890916708574, -0.470948807329746, 1.83060864681103, 0.107086195563221, 0.11189380867855), x = c(0.110058469360738, -0.0371506093161288, -0.092821622314167, -0.0174248774751529, 0.0570108001285903, -0.0655903015109227, 0.0891467874149189, 0.0222601404464178, 0.233004617141454, 0.053459018706913), retained = c(TRUE, 
TRUE, TRUE, TRUE, TRUE, TRUE, TRUE, TRUE, TRUE, TRUE), warning = c(NA, NA, NA, NA, NA, NA, NA, NA, NA, NA), error = c(NA, NA, NA, NA, NA, NA, NA, NA, NA, NA)),NA,NA
"Study 1","P4D_S1_06",10,0.1,"bad_leverage",NA,"all",1,"cats_robustbase",0.1,0.0304067182682766,0.026953660346258,9,0.288447203136481,-0.0305666975476408,0.0913801340841941,FALSE,FALSE,TRUE,NA,NA,10,NA,NA,"Cluster : ",NA,NA,NA,NA,NA,0,0,0,NA,NA,NA,0.210000000000008,list(cluster = c("1", "2", "3", "4", "5", "6", "7", "8", "9", "10"), intercept = c(-0.408040448436673, -0.56253418403572, -1.35730632913824, 0.844111085955551, 0.36561750970163, 0.771991836534647, -0.432580203153875, 1.81353494821768, 0.14207856683409, 0.132933556917874), x = c(0.1195144239713, -0.0501646765342859, -0.0912577369715692, -0.0247991837623275, 0.0764843483321028, -0.0678718825186787, 0.0809371705816317, 0.0202106931460413, 0.155348620364192, 0.0856654060743602), retained = c(TRUE, TRUE, 
TRUE, TRUE, TRUE, TRUE, TRUE, TRUE, TRUE, TRUE), warning = c(NA, NA, NA, NA, NA, NA, NA, NA, NA, NA), error = c(NA, NA, NA, NA, NA, NA, NA, NA, NA, NA)),NA,NA
"Study 1","P4D_S1_06",10,0.1,"bad_leverage",NA,"all",1,"robust_ri",0.1,0.0286095950199398,0.0383372962024655,238.448722910855,0.456245396213353,-0.0469134440622704,0.10413263410215,FALSE,TRUE,TRUE,TRUE,FALSE,10,0.859174013325853,NA,NA,NA,0,NA,NA,NA,NA,NA,NA,NA,NA,NA,21.57,list(cluster = character(0), intercept = numeric(0), x = numeric(0), retained = logical(0), warning = character(0), error = character(0)),NA,NA
"Study 1","P4D_S1_07",20,0.1,"none",NA,"robust_only",1,"robust_ri",0.1,0.082455739545347,0.0380577651055727,394.334403480711,0.0308641237719192,0.00763424700877191,0.157277232081922,TRUE,TRUE,TRUE,TRUE,FALSE,20,0.900834850803234,NA,NA,NA,0,NA,NA,NA,NA,NA,NA,NA,NA,NA,28.04,list(cluster = character(0), intercept = numeric(0), x = numeric(0), retained = logical(0), warning = character(0), error = character(0)),NA,NA
"Study 1","P4D_S1_08",40,0.1,"none",NA,"robust_only",1,"robust_ri",0.1,0.114914867539574,0.0273957407955507,1164.94414315262,2.94058481828093e-05,0.0611643570361011,0.168665378043048,TRUE,TRUE,TRUE,TRUE,FALSE,40,1.05115974189375,NA,NA,NA,0,NA,NA,NA,NA,NA,NA,NA,NA,NA,65.42,list(cluster = character(0), intercept = numeric(0), x = numeric(0), retained = logical(0), warning = character(0), error = character(0)),NA,NA
"Study 2","P4D_S2_01",10,0,"none",0.05,"all",1,"rs",0,0.070373317380093,0.072779746257221,8.85061238644219,0.359253454939492,-0.0946904868660275,0.235437121626214,FALSE,TRUE,TRUE,TRUE,FALSE,10,1.16709758192003,0.168372527022556,NA,NA,0,NA,NA,NA,NA,NA,NA,NA,NA,NA,0.71999999999997,list(cluster = character(0), intercept = numeric(0), x = numeric(0), retained = logical(0), warning = character(0), error = character(0)),0.0127771499028202,0.0613952546645252
"Study 2","P4D_S2_01",10,0,"none",0.05,"all",1,"ri",0,0.0494929149062544,0.0491154031648767,389.300419494807,0.31423103006387,-0.0470717166505978,0.146057546463107,FALSE,TRUE,TRUE,TRUE,FALSE,10,NA,NA,NA,NA,NA,NA,NA,NA,NA,NA,NA,NA,NA,NA,0.319999999999993,list(cluster = character(0), intercept = numeric(0), x = numeric(0), retained = logical(0), warning = character(0), error = character(0)),0.0127771499028202,0.0613952546645252
"Study 2","P4D_S2_01",10,0,"none",0.05,"all",1,"cr2",0,0.141751496290837,0.0999026410860211,8.31779420933491,0.192295300242227,-0.0871012787026609,0.370604271284334,FALSE,TRUE,TRUE,NA,NA,10,NA,NA,NA,NA,NA,NA,NA,NA,NA,NA,NA,NA,NA,NA,0.580000000000041,list(cluster = character(0), intercept = numeric(0), x = numeric(0), retained = logical(0), warning = character(0), error = character(0)),0.0127771499028202,0.0613952546645252
"Study 2","P4D_S2_01",10,0,"none",0.05,"all",1,"cats",0,0.0814896293284887,0.0692064379076127,9,0.269200028891123,-0.0750662098959665,0.238045468552944,FALSE,TRUE,TRUE,NA,NA,10,NA,NA,NA,NA,NA,NA,NA,NA,NA,NA,NA,NA,NA,NA,0.0299999999999727,list(cluster = character(0), intercept = numeric(0), x = numeric(0), retained = logical(0), warning = character(0), error = character(0)),0.0127771499028202,0.0613952546645252
"Study 2","P4D_S2_01",10,0,"none",0.05,"all",1,"cats_trunc",0,0.0814896293284887,0.0692064379076127,9,0.269200028891123,-0.0750662098959665,0.238045468552944,FALSE,TRUE,TRUE,NA,NA,10,NA,NA,NA,NA,NA,NA,NA,NA,NA,NA,NA,NA,NA,NA,0.0299999999999727,list(cluster = character(0), intercept = numeric(0), x = numeric(0), retained = logical(0), warning = character(0), error = character(0)),0.0127771499028202,0.0613952546645252
"Study 2","P4D_S2_01",10,0,"none",0.05,"all",1,"cats_robust",0,0.0684419032018925,0.0714817256017066,9,0.363339786810051,-0.0932609943771839,0.230144800780969,FALSE,TRUE,TRUE,NA,NA,10,NA,NA,"Cluster : ",NA,NA,NA,NA,NA,0,0,0,NA,NA,NA,0.0699999999999932,list(cluster = c("1", "2", "3", "4", "5", "6", "7", "8", "9", "10"), intercept = c(-1.1017888864565, -1.0770495217062, -0.557334204572079, 1.5621354993922, 0.259369057745606, -0.062896767871206, -0.706939039030691, 1.5382538252843, -1.62724587197473, 1.19445549970939), x = c(0.0570236240313481, -0.137456751136735, 0.16709738836668, -0.184022632888332, 0.318691480096749, 0.172822162169852, -0.0827490447154712, -0.273353781444335, 0.302182999178379, 0.34418358836079), retained = c(TRUE, TRUE, TRUE, 
TRUE, TRUE, TRUE, TRUE, TRUE, TRUE, TRUE), warning = c(NA, NA, NA, NA, NA, NA, NA, NA, NA, NA), error = c(NA, NA, NA, NA, NA, NA, NA, NA, NA, NA)),0.0127771499028202,0.0613952546645252
"Study 2","P4D_S2_01",10,0,"none",0.05,"all",1,"cats_robustbase",0,0.0662813666447149,0.0653936062457558,9,0.337257389953659,-0.0816492481253271,0.214211981414757,FALSE,TRUE,TRUE,NA,NA,10,NA,NA,"Cluster : ",NA,NA,NA,NA,NA,0,0,0,NA,NA,NA,0.150000000000034,list(cluster = c("1", "2", "3", "4", "5", "6", "7", "8", "9", "10"), intercept = c(-1.07997525715043, -1.09357387858371, -0.580688553668617, 1.52059276262643, 0.243102888679209, -0.0644736685827293, -0.71540302990008, 1.53244505895492, -1.63839076596827, 1.16634285611744), x = c(0.0669337645733877, -0.124161185466655, 0.114896813066283, -0.130831566493509, 0.328244475649056, 0.177868853592357, -0.0659861741522462, -0.271554277812649, 0.291956766341946, 0.275446197149179), retained = c(TRUE, TRUE, 
TRUE, TRUE, TRUE, TRUE, TRUE, TRUE, TRUE, TRUE), warning = c(NA, NA, NA, NA, NA, NA, NA, NA, NA, NA), error = c(NA, NA, NA, NA, NA, NA, NA, NA, NA, NA)),0.0127771499028202,0.0613952546645252
"Study 2","P4D_S2_01",10,0,"none",0.05,"all",1,"robust_ri",0,0.0460152994439108,0.0496373392939772,269.070637671583,0.354741762614446,-0.0517116689538868,0.143742267841709,FALSE,TRUE,TRUE,TRUE,FALSE,10,1.33446552875512,NA,NA,NA,0,NA,NA,NA,NA,NA,NA,NA,NA,NA,11.84,list(cluster = character(0), intercept = numeric(0), x = numeric(0), retained = logical(0), warning = character(0), error = character(0)),0.0127771499028202,0.0613952546645252
"Study 2","P4D_S2_01",10,0,"none",0.05,"all",1,"robust_rs",0,0.0586149946379851,0.0765804916359495,10.1946196370491,0.461383545215196,-0.111576462333939,0.228806451609909,FALSE,TRUE,TRUE,TRUE,FALSE,10,1.33649866974895,0.178963697712564,NA,NA,0,NA,NA,NA,NA,NA,NA,NA,NA,NA,30.12,list(cluster = character(0), intercept = numeric(0), x = numeric(0), retained = logical(0), warning = character(0), error = character(0)),0.0127771499028202,0.0613952546645252
"Study 2","P4D_S2_02",10,0.1,"none",0.05,"all",1,"rs",0.1,0.170373317377355,0.0727797462502964,8.85061238637853,0.0444077166394942,0.00530951314675535,0.335437121607955,TRUE,TRUE,TRUE,TRUE,FALSE,10,1.16709758189293,0.168372526992357,NA,NA,0,NA,NA,NA,NA,NA,NA,NA,NA,NA,0.449999999999989,list(cluster = character(0), intercept = numeric(0), x = numeric(0), retained = logical(0), warning = character(0), error = character(0)),0.11277714990282,0.0613952546645252
"Study 2","P4D_S2_02",10,0.1,"none",0.05,"all",1,"ri",0.1,0.149492914952044,0.0491154031795318,389.30041950274,0.00249546572582555,0.0529282833663853,0.246057546537704,TRUE,TRUE,TRUE,TRUE,FALSE,10,NA,NA,NA,NA,NA,NA,NA,NA,NA,NA,NA,NA,NA,NA,0.28000000000003,list(cluster = character(0), intercept = numeric(0), x = numeric(0), retained = logical(0), warning = character(0), error = character(0)),0.11277714990282,0.0613952546645252
"Study 2","P4D_S2_02",10,0.1,"none",0.05,"all",1,"cr2",0.1,0.241751496290836,0.0999026410860211,8.31779420933491,0.0407382159509465,0.0128987212973388,0.470604271284334,TRUE,TRUE,TRUE,NA,NA,10,NA,NA,NA,NA,NA,NA,NA,NA,NA,NA,NA,NA,NA,NA,0.0499999999999545,list(cluster = character(0), intercept = numeric(0), x = numeric(0), retained = logical(0), warning = character(0), error = character(0)),0.11277714990282,0.0613952546645252
"Study 2","P4D_S2_02",10,0.1,"none",0.05,"all",1,"cats",0.1,0.181489629328489,0.0692064379076127,9,0.0276999578927965,0.0249337901040335,0.338045468552944,TRUE,TRUE,TRUE,NA,NA,10,NA,NA,NA,NA,NA,NA,NA,NA,NA,NA,NA,NA,NA,NA,0.0299999999999727,list(cluster = character(0), intercept = numeric(0), x = numeric(0), retained = logical(0), warning = character(0), error = character(0)),0.11277714990282,0.0613952546645252
"Study 2","P4D_S2_02",10,0.1,"none",0.05,"all",1,"cats_trunc",0.1,0.181489629328489,0.0692064379076127,9,0.0276999578927965,0.0249337901040335,0.338045468552944,TRUE,TRUE,TRUE,NA,NA,10,NA,NA,NA,NA,NA,NA,NA,NA,NA,NA,NA,NA,NA,NA,0.0300000000000296,list(cluster = character(0), intercept = numeric(0), x = numeric(0), retained = logical(0), warning = character(0), error = character(0)),0.11277714990282,0.0613952546645252
"Study 2","P4D_S2_02",10,0.1,"none",0.05,"all",1,"cats_robust",0.1,0.168441903201892,0.0714817256017066,9,0.042851072014601,0.00673900562281607,0.330144800780969,TRUE,TRUE,TRUE,NA,NA,10,NA,NA,"Cluster : ",NA,NA,NA,NA,NA,0,0,0,NA,NA,NA,0.0799999999999841,list(cluster = c("1", "2", "3", "4", "5", "6", "7", "8", "9", "10"), intercept = c(-1.1017888864565, -1.0770495217062, -0.557334204572079, 1.5621354993922, 0.259369057745606, -0.062896767871206, -0.706939039030691, 1.5382538252843, -1.62724587197473, 1.19445549970939), x = c(0.157023624031348, -0.0374567511367348, 0.26709738836668, -0.0840226328883317, 0.418691480096749, 0.272822162169852, 0.0172509552845288, -0.173353781444335, 0.402182999178379, 0.44418358836079), retained = c(TRUE, TRUE, TRUE, 
TRUE, TRUE, TRUE, TRUE, TRUE, TRUE, TRUE), warning = c(NA, NA, NA, NA, NA, NA, NA, NA, NA, NA), error = c(NA, NA, NA, NA, NA, NA, NA, NA, NA, NA)),0.11277714990282,0.0613952546645252
"Study 2","P4D_S2_02",10,0.1,"none",0.05,"all",1,"cats_robustbase",0.1,0.16628136664474,0.0653936062457411,9,0.0315666197417434,0.0183507518747318,0.314211981414749,TRUE,TRUE,TRUE,NA,NA,10,NA,NA,"Cluster : ",NA,NA,NA,NA,NA,0,0,0,NA,NA,NA,0.120000000000005,list(cluster = c("1", "2", "3", "4", "5", "6", "7", "8", "9", "10"), intercept = c(-1.07997525715043, -1.09357387858371, -0.580688553668617, 1.52059276262643, 0.243102888679209, -0.0644736685827293, -0.71540302990008, 1.53244505895449, -1.63839076596827, 1.16634285611744), x = c(0.166933764573388, -0.0241611854666547, 0.214896813066283, -0.0308315664935093, 0.428244475649056, 0.277868853592357, 0.0340138258477537, -0.171554277812393, 0.391956766341945, 0.375446197149179), retained = c(TRUE, TRUE, 
TRUE, TRUE, TRUE, TRUE, TRUE, TRUE, TRUE, TRUE), warning = c(NA, NA, NA, NA, NA, NA, NA, NA, NA, NA), error = c(NA, NA, NA, NA, NA, NA, NA, NA, NA, NA)),0.11277714990282,0.0613952546645252
"Study 2","P4D_S2_02",10,0.1,"none",0.05,"all",1,"robust_ri",0.1,0.146015299443911,0.049637339293977,269.070637607421,0.00354900840776085,0.0482883310460085,0.243742267841814,TRUE,TRUE,TRUE,TRUE,FALSE,10,1.33446552875513,NA,NA,NA,0,NA,NA,NA,NA,NA,NA,NA,NA,NA,11.49,list(cluster = character(0), intercept = numeric(0), x = numeric(0), retained = logical(0), warning = character(0), error = character(0)),0.11277714990282,0.0613952546645252
"Study 2","P4D_S2_02",10,0.1,"none",0.05,"all",1,"robust_rs",0.1,0.158614994637985,0.0765804916359484,10.1946196398995,0.0646226970344367,-0.0115764623276224,0.328806451603593,FALSE,TRUE,TRUE,TRUE,FALSE,10,1.33649866974895,0.17896369771256,NA,NA,0,NA,NA,NA,NA,NA,NA,NA,NA,NA,29.59,list(cluster = character(0), intercept = numeric(0), x = numeric(0), retained = logical(0), warning = character(0), error = character(0)),0.11277714990282,0.0613952546645252
"Study 2","P4D_S2_03",10,0,"none",0.1,"all",1,"rs",0,0.0861969495743713,0.0887811839347401,8.93599444415337,0.357146299477399,-0.114859538459924,0.287253437608667,FALSE,TRUE,TRUE,TRUE,FALSE,10,1.1650853658556,0.232615468201646,NA,NA,0,NA,NA,NA,NA,NA,NA,NA,NA,NA,0.510000000000048,list(cluster = character(0), intercept = numeric(0), x = numeric(0), retained = logical(0), warning = character(0), error = character(0)),0.0255542998056404,0.12279050932905
"Study 2","P4D_S2_03",10,0,"none",0.1,"all",1,"ri",0,0.0546981229216214,0.0498400252359861,389.310714360742,0.273112648912317,-0.0432911628562939,0.152687408699537,FALSE,TRUE,TRUE,TRUE,FALSE,10,NA,NA,NA,NA,NA,NA,NA,NA,NA,NA,NA,NA,NA,NA,0.279999999999973,list(cluster = character(0), intercept = numeric(0), x = numeric(0), retained = logical(0), warning = character(0), error = character(0)),0.0255542998056404,0.12279050932905
"Study 2","P4D_S2_03",10,0,"none",0.1,"all",1,"cr2",0,0.147011353313223,0.116277244933387,8.31779420933491,0.240392612415404,-0.119351676555941,0.413374383182387,FALSE,TRUE,TRUE,NA,NA,10,NA,NA,NA,NA,NA,NA,NA,NA,NA,NA,NA,NA,NA,NA,0.0500000000000114,list(cluster = character(0), intercept = numeric(0), x = numeric(0), retained = logical(0), warning = character(0), error = character(0)),0.0255542998056404,0.12279050932905
"Study 2","P4D_S2_03",10,0,"none",0.1,"all",1,"cats",0,0.0942667792313089,0.0848875010425984,9,0.295574217159679,-0.0977620892842452,0.286295647746863,FALSE,TRUE,TRUE,NA,NA,10,NA,NA,NA,NA,NA,NA,NA,NA,NA,NA,NA,NA,NA,NA,0.0300000000000296,list(cluster = character(0), intercept = numeric(0), x = numeric(0), retained = logical(0), warning = character(0), error = character(0)),0.0255542998056404,0.12279050932905
"Study 2","P4D_S2_03",10,0,"none",0.1,"all",1,"cats_trunc",0,0.0942667792313089,0.0848875010425984,9,0.295574217159679,-0.0977620892842452,0.286295647746863,FALSE,TRUE,TRUE,NA,NA,10,NA,NA,NA,NA,NA,NA,NA,NA,NA,NA,NA,NA,NA,NA,0.0299999999999727,list(cluster = character(0), intercept = numeric(0), x = numeric(0), retained = logical(0), warning = character(0), error = character(0)),0.0255542998056404,0.12279050932905
"Study 2","P4D_S2_03",10,0,"none",0.1,"all",1,"cats_robust",0,0.0812190531047127,0.0868127585010413,9,0.373918813407274,-0.115165050360689,0.277603156570114,FALSE,TRUE,TRUE,NA,NA,10,NA,NA,"Cluster : ",NA,NA,NA,NA,NA,0,0,0,NA,NA,NA,0.0699999999999932,list(cluster = c("1", "2", "3", "4", "5", "6", "7", "8", "9", "10"), intercept = c(-1.1017888864565, -1.0770495217062, -0.557334204572079, 1.5621354993922, 0.259369057745606, -0.062896767871206, -0.706939039030691, 1.5382538252843, -1.62724587197473, 1.19445549970939), x = c(0.0298380277005702, -0.190683198965363, 0.187756679739325, -0.17641103252274, 0.401478696188784, 0.267999188959925, -0.0471817483343235, -0.380972489288392, 0.340387477336861, 0.379978930232482), retained = c(TRUE, TRUE, TRUE, 
TRUE, TRUE, TRUE, TRUE, TRUE, TRUE, TRUE), warning = c(NA, NA, NA, NA, NA, NA, NA, NA, NA, NA), error = c(NA, NA, NA, NA, NA, NA, NA, NA, NA, NA)),0.0255542998056404,0.12279050932905
"Study 2","P4D_S2_03",10,0,"none",0.1,"all",1,"cats_robustbase",0,0.0790585165475351,0.0815256418427956,9,0.357514510886903,-0.105365298098866,0.263482331193936,FALSE,TRUE,TRUE,NA,NA,10,NA,NA,"Cluster : ",NA,NA,NA,NA,NA,0,0,0,NA,NA,NA,0.120000000000005,list(cluster = c("1", "2", "3", "4", "5", "6", "7", "8", "9", "10"), intercept = c(-1.07997525715043, -1.09357387858371, -0.580688553668617, 1.52059276262643, 0.243102888679209, -0.0644736685827293, -0.715403029900081, 1.53244505895492, -1.63839076596827, 1.16634285611744), x = c(0.03974816824261, -0.177387633295283, 0.135556104438928, -0.123219966127918, 0.41103169174109, 0.27304588038243, -0.0304188777710985, -0.379172985656706, 0.330161244500427, 0.311241539020871), retained = c(TRUE, TRUE, TRUE, 
TRUE, TRUE, TRUE, TRUE, TRUE, TRUE, TRUE), warning = c(NA, NA, NA, NA, NA, NA, NA, NA, NA, NA), error = c(NA, NA, NA, NA, NA, NA, NA, NA, NA, NA)),0.0255542998056404,0.12279050932905
"Study 2","P4D_S2_03",10,0,"none",0.1,"all",1,"robust_ri",0,0.0595852540617506,0.0502550908163545,263.524589443828,0.236826138839315,-0.0393673642478134,0.158537872371315,FALSE,TRUE,TRUE,TRUE,FALSE,10,1.32829676252284,NA,NA,NA,0,NA,NA,NA,NA,NA,NA,NA,NA,NA,11.44,list(cluster = character(0), intercept = numeric(0), x = numeric(0), retained = logical(0), warning = character(0), error = character(0)),0.0255542998056404,0.12279050932905
"Study 2","P4D_S2_03",10,0,"none",0.1,"all",1,"robust_rs",0,0.0784523539618039,0.0941053434531853,8.75690588151639,0.426623604831561,-0.135332976169727,0.292237684093335,FALSE,TRUE,TRUE,TRUE,FALSE,10,1.33519833453288,0.245458088009321,NA,NA,0,NA,NA,NA,NA,NA,NA,NA,NA,NA,28.7,list(cluster = character(0), intercept = numeric(0), x = numeric(0), retained = logical(0), warning = character(0), error = character(0)),0.0255542998056404,0.12279050932905
"Study 2","P4D_S2_04",10,0.1,"none",0.1,"all",1,"rs",0.1,0.186196994701635,0.0887813829575342,8.93599506848715,0.0656278208408871,-0.0148599418870526,0.387253931290323,FALSE,TRUE,TRUE,TRUE,FALSE,10,1.16508677370305,0.232616234520618,NA,NA,0,NA,NA,NA,NA,NA,NA,NA,NA,NA,0.430000000000007,list(cluster = character(0), intercept = numeric(0), x = numeric(0), retained = logical(0), warning = character(0), error = character(0)),0.12555429980564,0.12279050932905
"Study 2","P4D_S2_04",10,0.1,"none",0.1,"all",1,"ri",0.1,0.154698122935917,0.049840025240467,389.310714363226,0.00204947595273524,0.0567088371491941,0.25268740872264,TRUE,TRUE,TRUE,TRUE,FALSE,10,NA,NA,NA,NA,NA,NA,NA,NA,NA,NA,NA,NA,NA,NA,0.28000000000003,list(cluster = character(0), intercept = numeric(0), x = numeric(0), retained = logical(0), warning = character(0), error = character(0)),0.12555429980564,0.12279050932905
"Study 2","P4D_S2_04",10,0.1,"none",0.1,"all",1,"cr2",0.1,0.247011353313223,0.116277244933387,8.31779420933491,0.0650738509496434,-0.0193516765559414,0.513374383182387,FALSE,TRUE,TRUE,NA,NA,10,NA,NA,NA,NA,NA,NA,NA,NA,NA,NA,NA,NA,NA,NA,0.0400000000000205,list(cluster = character(0), intercept = numeric(0), x = numeric(0), retained = logical(0), warning = character(0), error = character(0)),0.12555429980564,0.12279050932905
"Study 2","P4D_S2_04",10,0.1,"none",0.1,"all",1,"cats",0.1,0.194266779231309,0.0848875010425984,9,0.0478904242012036,0.00223791071575485,0.386295647746863,TRUE,TRUE,TRUE,NA,NA,10,NA,NA,NA,NA,NA,NA,NA,NA,NA,NA,NA,NA,NA,NA,0.0299999999999727,list(cluster = character(0), intercept = numeric(0), x = numeric(0), retained = logical(0), warning = character(0), error = character(0)),0.12555429980564,0.12279050932905
"Study 2","P4D_S2_04",10,0.1,"none",0.1,"all",1,"cats_trunc",0.1,0.194266779231309,0.0848875010425984,9,0.0478904242012036,0.00223791071575485,0.386295647746863,TRUE,TRUE,TRUE,NA,NA,10,NA,NA,NA,NA,NA,NA,NA,NA,NA,NA,NA,NA,NA,NA,0.0400000000000205,list(cluster = character(0), intercept = numeric(0), x = numeric(0), retained = logical(0), warning = character(0), error = character(0)),0.12555429980564,0.12279050932905
"Study 2","P4D_S2_04",10,0.1,"none",0.1,"all",1,"cats_robust",0.1,0.181219053104713,0.0868127585010413,9,0.0664554187273011,-0.0151650503606887,0.377603156570114,FALSE,TRUE,TRUE,NA,NA,10,NA,NA,"Cluster : ",NA,NA,NA,NA,NA,0,0,0,NA,NA,NA,0.0600000000000023,list(cluster = c("1", "2", "3", "4", "5", "6", "7", "8", "9", "10"), intercept = c(-1.1017888864565, -1.0770495217062, -0.557334204572079, 1.5621354993922, 0.259369057745606, -0.062896767871206, -0.706939039030691, 1.5382538252843, -1.62724587197473, 1.19445549970939), x = c(0.12983802770057, -0.0906831989653628, 0.287756679739325, -0.07641103252274, 0.501478696188784, 0.367999188959925, 0.0528182516656765, -0.280972489288392, 0.440387477336861, 0.479978930232482), retained = c(TRUE, TRUE, TRUE, 
TRUE, TRUE, TRUE, TRUE, TRUE, TRUE, TRUE), warning = c(NA, NA, NA, NA, NA, NA, NA, NA, NA, NA), error = c(NA, NA, NA, NA, NA, NA, NA, NA, NA, NA)),0.12555429980564,0.12279050932905
"Study 2","P4D_S2_04",10,0.1,"none",0.1,"all",1,"cats_robustbase",0.1,0.179058513134989,0.0815256406749262,9,0.0556712966619707,-0.00536529886950748,0.363482325139486,FALSE,TRUE,TRUE,NA,NA,10,NA,NA,"Cluster : ",NA,NA,NA,NA,NA,0,0,0,NA,NA,NA,0.120000000000005,list(cluster = c("1", "2", "3", "4", "5", "6", "7", "8", "9", "10"), intercept = c(-1.07997525715043, -1.09357387858371, -0.580688553668617, 1.52059276262643, 0.243102888679631, -0.0644736685827293, -0.715403029900081, 1.53244505895492, -1.6383907422613, 1.16634285611744), x = c(0.13974816824261, -0.0773876332952829, 0.235556104438928, -0.0232199661279175, 0.511031691740804, 0.37304588038243, 0.0695811222289015, -0.279172985656706, 0.430161210375257, 0.411241539020871), retained = c(TRUE, TRUE, TRUE, 
TRUE, TRUE, TRUE, TRUE, TRUE, TRUE, TRUE), warning = c(NA, NA, NA, NA, NA, NA, NA, NA, NA, NA), error = c(NA, NA, NA, NA, NA, NA, NA, NA, NA, NA)),0.12555429980564,0.12279050932905
"Study 2","P4D_S2_04",10,0.1,"none",0.1,"all",1,"robust_ri",0.1,0.159585254061751,0.0502550908163545,263.524589304326,0.00167359145974342,0.0606326357519451,0.258537872371556,TRUE,TRUE,TRUE,TRUE,FALSE,10,1.32829676252285,NA,NA,NA,0,NA,NA,NA,NA,NA,NA,NA,NA,NA,11.57,list(cluster = character(0), intercept = numeric(0), x = numeric(0), retained = logical(0), warning = character(0), error = character(0)),0.12555429980564,0.12279050932905
"Study 2","P4D_S2_04",10,0.1,"none",0.1,"all",1,"robust_rs",0.1,0.178452353960248,0.094105343461434,8.75690588017213,0.0913279555602763,-0.0353329761951811,0.392237684115676,FALSE,TRUE,TRUE,TRUE,FALSE,10,1.3351983345313,0.245458088039073,NA,NA,0,NA,NA,NA,NA,NA,NA,NA,NA,NA,28.29,list(cluster = character(0), intercept = numeric(0), x = numeric(0), retained = logical(0), warning = character(0), error = character(0)),0.12555429980564,0.12279050932905
"Study 2","P4D_S2_05",10,0,"vertical",0.05,"all",1,"rs",0,-0.0673087497410864,0.0861476751951475,8.07722967574849,0.456902944425788,-0.26563550721392,0.131018007731748,FALSE,TRUE,TRUE,TRUE,TRUE,10,1.08578700567595,0,"boundary (singular) fit: see help('isSingular')",NA,0,NA,NA,NA,NA,NA,NA,NA,NA,NA,0.470000000000027,list(cluster = character(0), intercept = numeric(0), x = numeric(0), retained = logical(0), warning = character(0), error = character(0)),0.0127771499028202,0.0613952546645252
"Study 2","P4D_S2_05",10,0,"vertical",0.05,"all",1,"ri",0,-0.0673087493174561,0.0842029297779117,389.963963633978,0.42456627995577,-0.232857257968356,0.0982397593334433,FALSE,TRUE,TRUE,TRUE,FALSE,10,NA,NA,NA,NA,NA,NA,NA,NA,NA,NA,NA,NA,NA,NA,0.279999999999973,list(cluster = character(0), intercept = numeric(0), x = numeric(0), retained = logical(0), warning = character(0), error = character(0)),0.0127771499028202,0.0613952546645252
"Study 2","P4D_S2_05",10,0,"vertical",0.05,"all",1,"cr2",0,0.0109830330764754,0.0976779001886275,8.31779420933491,0.913139952514378,-0.212773398892701,0.234739465045651,FALSE,TRUE,TRUE,NA,NA,10,NA,NA,NA,NA,NA,NA,NA,NA,NA,NA,NA,NA,NA,NA,0.0399999999999636,list(cluster = character(0), intercept = numeric(0), x = numeric(0), retained = logical(0), warning = character(0), error = character(0)),0.0127771499028202,0.0613952546645252
"Study 2","P4D_S2_05",10,0,"vertical",0.05,"all",1,"cats",0,-0.0434704448158641,0.0771891894059241,9,0.587074709581733,-0.218084522521063,0.131143632889335,FALSE,TRUE,TRUE,NA,NA,10,NA,NA,NA,NA,NA,NA,NA,NA,NA,NA,NA,NA,NA,NA,0.0400000000000205,list(cluster = character(0), intercept = numeric(0), x = numeric(0), retained = logical(0), warning = character(0), error = character(0)),0.0127771499028202,0.0613952546645252
"Study 2","P4D_S2_05",10,0,"vertical",0.05,"all",1,"cats_trunc",0,-0.0434704448158641,0.0771891894059241,9,0.587074709581733,-0.218084522521063,0.131143632889335,FALSE,TRUE,TRUE,NA,NA,10,NA,NA,NA,NA,NA,NA,NA,NA,NA,NA,NA,NA,NA,NA,0.0300000000000296,list(cluster = character(0), intercept = numeric(0), x = numeric(0), retained = logical(0), warning = character(0), error = character(0)),0.0127771499028202,0.0613952546645252
"Study 2","P4D_S2_05",10,0,"vertical",0.05,"all",1,"cats_robust",0,0.0771129583485634,0.0687130674400082,9,0.290804261071067,-0.0783267993386872,0.232552716035814,FALSE,TRUE,TRUE,NA,NA,10,NA,NA,"Cluster : ",NA,NA,NA,NA,NA,0,0,0,NA,NA,NA,0.0799999999999841,list(cluster = c("1", "2", "3", "4", "5", "6", "7", "8", "9", "10"), intercept = c(-1.19881570768598, -1.09417681375544, -0.615939253850159, 1.51514907989473, 0.246295903661105, -0.0648970960648815, -0.701336442987468, 1.55514155194846, -1.6433076703981, 1.20161207886007), x = c(0.0805089340784341, -0.135067133697284, 0.15788979228533, -0.148326083000599, 0.272687504022307, 0.168837652979097, -0.0329880614212148, -0.274548351919451, 0.360551200810801, 0.321584129348214), retained = c(TRUE, TRUE, 
TRUE, TRUE, TRUE, TRUE, TRUE, TRUE, TRUE, TRUE), warning = c(NA, NA, NA, NA, NA, NA, NA, NA, NA, NA), error = c(NA, NA, NA, NA, NA, NA, NA, NA, NA, NA)),0.0127771499028202,0.0613952546645252
"Study 2","P4D_S2_05",10,0,"vertical",0.05,"all",1,"cats_robustbase",0,0.0757756128956572,0.0641076394747692,9,0.267490914691187,-0.0692459429322769,0.220797168723591,FALSE,TRUE,TRUE,NA,NA,10,NA,NA,"Cluster : ",NA,NA,NA,NA,NA,0,0,0,NA,NA,NA,0.129999999999995,list(cluster = c("1", "2", "3", "4", "5", "6", "7", "8", "9", "10"), intercept = c(-1.14545155759854, -1.11188977005888, -0.640181125496365, 1.47668124391159, 0.224839894030364, -0.0659551318518415, -0.707025920506944, 1.552511981876, -1.67306841832743, 1.17033350069661), x = c(0.0929422685037034, -0.123825979657774, 0.108160953456313, -0.100497355440892, 0.270460371424237, 0.172630722520159, -0.0199358711606636, -0.270639279516759, 0.375289238609925, 0.253171060218323), retained = c(TRUE, TRUE, 
TRUE, TRUE, TRUE, TRUE, TRUE, TRUE, TRUE, TRUE), warning = c(NA, NA, NA, NA, NA, NA, NA, NA, NA, NA), error = c(NA, NA, NA, NA, NA, NA, NA, NA, NA, NA)),0.0127771499028202,0.0613952546645252
"Study 2","P4D_S2_05",10,0,"vertical",0.05,"all",1,"robust_ri",0,0.0100696105776919,0.0556487435782357,249.540519084455,0.856554116679118,-0.0995314821223969,0.119670703277781,FALSE,TRUE,TRUE,TRUE,FALSE,10,1.32064891997658,NA,NA,NA,0,NA,NA,NA,NA,NA,NA,NA,NA,NA,13.24,list(cluster = character(0), intercept = numeric(0), x = numeric(0), retained = logical(0), warning = character(0), error = character(0)),0.0127771499028202,0.0613952546645252
"Study 2","P4D_S2_05",10,0,"vertical",0.05,"all",1,"robust_rs",0,0.0243688758964299,0.0715334555763579,5.79463067679765,0.745366413130325,-0.152181985719216,0.200919737512076,FALSE,TRUE,TRUE,TRUE,FALSE,10,1.32401733193408,0.138265848698207,"boundary (singular) fit: see help('isSingular')
",NA,0,NA,NA,NA,NA,NA,NA,NA,NA,NA,40.57,list(cluster = character(0), intercept = numeric(0), x = numeric(0), retained = logical(0), warning = character(0), error = character(0)),0.0127771499028202,0.0613952546645252
"Study 2","P4D_S2_06",10,0.1,"vertical",0.05,"all",1,"rs",0.1,0.0326912502583888,0.0861476751950482,8.07722967574824,0.714114626705952,-0.165635507214218,0.231018007730995,FALSE,TRUE,TRUE,TRUE,TRUE,10,1.08578700573555,0,"boundary (singular) fit: see help('isSingular')",NA,0,NA,NA,NA,NA,NA,NA,NA,NA,NA,0.759999999999991,list(cluster = character(0), intercept = numeric(0), x = numeric(0), retained = logical(0), warning = character(0), error = character(0)),0.11277714990282,0.0613952546645252
"Study 2","P4D_S2_06",10,0.1,"vertical",0.05,"all",1,"ri",0.1,0.0326912506850497,0.0842029297783767,389.963963634452,0.698047610461751,-0.132857257966763,0.198239759336863,FALSE,TRUE,TRUE,TRUE,FALSE,10,NA,NA,NA,NA,NA,NA,NA,NA,NA,NA,NA,NA,NA,NA,0.270000000000039,list(cluster = character(0), intercept = numeric(0), x = numeric(0), retained = logical(0), warning = character(0), error = character(0)),0.11277714990282,0.0613952546645252
"Study 2","P4D_S2_06",10,0.1,"vertical",0.05,"all",1,"cr2",0.1,0.110983033076475,0.0976779001886275,8.31779420933491,0.287541439075716,-0.112773398892701,0.334739465045651,FALSE,TRUE,TRUE,NA,NA,10,NA,NA,NA,NA,NA,NA,NA,NA,NA,NA,NA,NA,NA,NA,0.0399999999999636,list(cluster = character(0), intercept = numeric(0), x = numeric(0), retained = logical(0), warning = character(0), error = character(0)),0.11277714990282,0.0613952546645252
"Study 2","P4D_S2_06",10,0.1,"vertical",0.05,"all",1,"cats",0.1,0.056529555184136,0.0771891894059241,9,0.48258971277617,-0.118084522521063,0.231143632889335,FALSE,TRUE,TRUE,NA,NA,10,NA,NA,NA,NA,NA,NA,NA,NA,NA,NA,NA,NA,NA,NA,0.0400000000000205,list(cluster = character(0), intercept = numeric(0), x = numeric(0), retained = logical(0), warning = character(0), error = character(0)),0.11277714990282,0.0613952546645252
"Study 2","P4D_S2_06",10,0.1,"vertical",0.05,"all",1,"cats_trunc",0.1,0.056529555184136,0.0771891894059241,9,0.48258971277617,-0.118084522521063,0.231143632889335,FALSE,TRUE,TRUE,NA,NA,10,NA,NA,NA,NA,NA,NA,NA,NA,NA,NA,NA,NA,NA,NA,0.0300000000000296,list(cluster = character(0), intercept = numeric(0), x = numeric(0), retained = logical(0), warning = character(0), error = character(0)),0.11277714990282,0.0613952546645252
"Study 2","P4D_S2_06",10,0.1,"vertical",0.05,"all",1,"cats_robust",0.1,0.177112958348563,0.0687130674400082,9,0.0298150787765832,0.0216732006613128,0.332552716035814,TRUE,TRUE,TRUE,NA,NA,10,NA,NA,"Cluster : ",NA,NA,NA,NA,NA,0,0,0,NA,NA,NA,0.0699999999999932,list(cluster = c("1", "2", "3", "4", "5", "6", "7", "8", "9", "10"), intercept = c(-1.19881570768598, -1.09417681375544, -0.615939253850159, 1.51514907989473, 0.246295903661105, -0.0648970960648815, -0.701336442987468, 1.55514155194846, -1.6433076703981, 1.20161207886007), x = c(0.180508934078434, -0.0350671336972838, 0.25788979228533, -0.0483260830005988, 0.372687504022307, 0.268837652979097, 0.0670119385787851, -0.174548351919451, 0.460551200810801, 0.421584129348214), retained = c(TRUE, TRUE, 
TRUE, TRUE, TRUE, TRUE, TRUE, TRUE, TRUE, TRUE), warning = c(NA, NA, NA, NA, NA, NA, NA, NA, NA, NA), error = c(NA, NA, NA, NA, NA, NA, NA, NA, NA, NA)),0.11277714990282,0.0613952546645252
"Study 2","P4D_S2_06",10,0.1,"vertical",0.05,"all",1,"cats_robustbase",0.1,0.175775612895651,0.0641076394747673,9,0.022777308591244,0.0307540570677217,0.320797168723581,TRUE,TRUE,TRUE,NA,NA,10,NA,NA,"Cluster : ",NA,NA,NA,NA,NA,0,0,0,NA,NA,NA,0.139999999999986,list(cluster = c("1", "2", "3", "4", "5", "6", "7", "8", "9", "10"), intercept = c(-1.14545155759854, -1.11188977005888, -0.640181125496365, 1.47668124391159, 0.22483989403034, -0.0659551318518415, -0.707025920506944, 1.552511981876, -1.67306841832743, 1.17033350069661), x = c(0.192942268503703, -0.0238259796577738, 0.208160953456313, -0.000497355440891489, 0.37046037142418, 0.272630722520159, 0.0800641288393363, -0.170639279516759, 0.475289238609925, 0.353171060218323), retained = c(TRUE, TRUE, 
TRUE, TRUE, TRUE, TRUE, TRUE, TRUE, TRUE, TRUE), warning = c(NA, NA, NA, NA, NA, NA, NA, NA, NA, NA), error = c(NA, NA, NA, NA, NA, NA, NA, NA, NA, NA)),0.11277714990282,0.0613952546645252
"Study 2","P4D_S2_06",10,0.1,"vertical",0.05,"all",1,"robust_ri",0.1,0.110069610577692,0.0556487435782357,249.540519080132,0.0490360968914628,0.000468517877593874,0.21967070327779,TRUE,TRUE,TRUE,TRUE,FALSE,10,1.32064891997658,NA,NA,NA,0,NA,NA,NA,NA,NA,NA,NA,NA,NA,13.19,list(cluster = character(0), intercept = numeric(0), x = numeric(0), retained = logical(0), warning = character(0), error = character(0)),0.11277714990282,0.0613952546645252
"Study 2","P4D_S2_06",10,0.1,"vertical",0.05,"all",1,"robust_rs",0.1,0.12436887589643,0.0715334555763579,5.79463067432341,0.134517322993768,-0.0521819857382517,0.300919737531112,FALSE,TRUE,TRUE,TRUE,FALSE,10,1.32401733193408,0.138265848698207,"boundary (singular) fit: see help('isSingular')
",NA,0,NA,NA,NA,NA,NA,NA,NA,NA,NA,40.05,list(cluster = character(0), intercept = numeric(0), x = numeric(0), retained = logical(0), warning = character(0), error = character(0)),0.11277714990282,0.0613952546645252
"Study 2","P4D_S2_07",10,0,"vertical",0.1,"all",1,"rs",0,-0.0519509103559805,0.0970832493198422,8.49604787359809,0.606288156023662,-0.273570366781726,0.169668546069765,FALSE,TRUE,TRUE,TRUE,FALSE,10,1.08250009219007,0.141031166012231,NA,NA,0,NA,NA,NA,NA,NA,NA,NA,NA,NA,0.469999999999914,list(cluster = character(0), intercept = numeric(0), x = numeric(0), retained = logical(0), warning = character(0), error = character(0)),0.0255542998056404,0.12279050932905
"Study 2","P4D_S2_07",10,0,"vertical",0.1,"all",1,"ri",0,-0.062092006332801,0.0845900049281278,389.976422003451,0.463368621844916,-0.228401513696154,0.104217501030552,FALSE,TRUE,TRUE,TRUE,FALSE,10,NA,NA,NA,NA,NA,NA,NA,NA,NA,NA,NA,NA,NA,NA,0.25,list(cluster = character(0), intercept = numeric(0), x = numeric(0), retained = logical(0), warning = character(0), error = character(0)),0.0255542998056404,0.12279050932905
"Study 2","P4D_S2_07",10,0,"vertical",0.1,"all",1,"cr2",0,0.0162428900988614,0.113274204387723,8.31779420933491,0.889391978326231,-0.243240900594819,0.275726680792542,FALSE,TRUE,TRUE,NA,NA,10,NA,NA,NA,NA,NA,NA,NA,NA,NA,NA,NA,NA,NA,NA,0.0500000000000682,list(cluster = character(0), intercept = numeric(0), x = numeric(0), retained = logical(0), warning = character(0), error = character(0)),0.0255542998056404,0.12279050932905
"Study 2","P4D_S2_07",10,0,"vertical",0.1,"all",1,"cats",0,-0.0306932949130439,0.0906572385909967,9,0.742702725239757,-0.235774216551173,0.174387626725085,FALSE,TRUE,TRUE,NA,NA,10,NA,NA,NA,NA,NA,NA,NA,NA,NA,NA,NA,NA,NA,NA,0.0299999999999727,list(cluster = character(0), intercept = numeric(0), x = numeric(0), retained = logical(0), warning = character(0), error = character(0)),0.0255542998056404,0.12279050932905
"Study 2","P4D_S2_07",10,0,"vertical",0.1,"all",1,"cats_trunc",0,-0.0306932949130439,0.0906572385909967,9,0.742702725239757,-0.235774216551173,0.174387626725085,FALSE,TRUE,TRUE,NA,NA,10,NA,NA,NA,NA,NA,NA,NA,NA,NA,NA,NA,NA,NA,NA,0.0500000000000682,list(cluster = character(0), intercept = numeric(0), x = numeric(0), retained = logical(0), warning = character(0), error = character(0)),0.0255542998056404,0.12279050932905
"Study 2","P4D_S2_07",10,0,"vertical",0.1,"all",1,"cats_robust",0,0.0898901082513836,0.0841972813120877,9,0.313493991256541,-0.100577374756891,0.280357591259658,FALSE,TRUE,TRUE,NA,NA,10,NA,NA,"Cluster : ",NA,NA,NA,NA,NA,0,0,0,NA,NA,NA,0.0599999999999454,list(cluster = c("1", "2", "3", "4", "5", "6", "7", "8", "9", "10"), intercept = c(-1.19881570768598, -1.09417681375544, -0.615939253850159, 1.51514907989473, 0.246295903661105, -0.0648970960648815, -0.701336442987468, 1.55514155194846, -1.6433076703981, 1.20161207886007), x = c(0.0533233377476564, -0.188293581525912, 0.178549083657975, -0.140714482635008, 0.355474720114341, 0.264014679769169, 0.00257923495993299, -0.382167059763508, 0.398755678969283, 0.357379471219906), retained = c(TRUE, TRUE, 
TRUE, TRUE, TRUE, TRUE, TRUE, TRUE, TRUE, TRUE), warning = c(NA, NA, NA, NA, NA, NA, NA, NA, NA, NA), error = c(NA, NA, NA, NA, NA, NA, NA, NA, NA, NA)),0.0255542998056404,0.12279050932905
"Study 2","P4D_S2_07",10,0,"vertical",0.1,"all",1,"cats_robustbase",0,0.0885527627984717,0.080054490711187,9,0.297348517704389,-0.0925430767780025,0.269648602374946,FALSE,TRUE,TRUE,NA,NA,10,NA,NA,"Cluster : ",NA,NA,NA,NA,NA,0,0,0,NA,NA,NA,0.129999999999995,list(cluster = c("1", "2", "3", "4", "5", "6", "7", "8", "9", "10"), intercept = c(-1.14545155759854, -1.11188977005888, -0.640181125496365, 1.47668124391159, 0.22483989403034, -0.0659551318518415, -0.707025920506944, 1.552511981876, -1.67306841832743, 1.17033350069661), x = c(0.0657566721729256, -0.177052427486402, 0.128820244828958, -0.0928857550752998, 0.353247587516214, 0.267807749310232, 0.0156314252204841, -0.378257987360816, 0.413493716768406, 0.288966402090015), retained = c(TRUE, TRUE, TRUE, 
TRUE, TRUE, TRUE, TRUE, TRUE, TRUE, TRUE), warning = c(NA, NA, NA, NA, NA, NA, NA, NA, NA, NA), error = c(NA, NA, NA, NA, NA, NA, NA, NA, NA, NA)),0.0255542998056404,0.12279050932905
"Study 2","P4D_S2_07",10,0,"vertical",0.1,"all",1,"robust_ri",0,0.0202327636252917,0.0564544738544753,227.480573067453,0.720383246451487,-0.0910077964434671,0.131473323694051,FALSE,TRUE,TRUE,TRUE,FALSE,10,1.31374813607437,NA,NA,NA,0,NA,NA,NA,NA,NA,NA,NA,NA,NA,13.3000000000001,list(cluster = character(0), intercept = numeric(0), x = numeric(0), retained = logical(0), warning = character(0), error = character(0)),0.0255542998056404,0.12279050932905
"Study 2","P4D_S2_07",10,0,"vertical",0.1,"all",1,"robust_rs",0,0.0457508076487726,0.0901777401232822,7.28200172926834,0.626917522848452,-0.165823030620621,0.257324645918167,FALSE,TRUE,TRUE,TRUE,FALSE,10,1.32281619018564,0.21777223997701,NA,NA,0,NA,NA,NA,NA,NA,NA,NA,NA,NA,36.62,list(cluster = character(0), intercept = numeric(0), x = numeric(0), retained = logical(0), warning = character(0), error = character(0)),0.0255542998056404,0.12279050932905
"Study 2","P4D_S2_08",10,0.1,"vertical",0.1,"all",1,"rs",0.1,0.0480490896453591,0.0970832493217002,8.49604787364598,0.633197275996096,-0.173570366784425,0.269668546075143,FALSE,TRUE,TRUE,TRUE,FALSE,10,1.08250009218794,0.141031166025187,NA,NA,0,NA,NA,NA,NA,NA,NA,NA,NA,NA,0.529999999999973,list(cluster = character(0), intercept = numeric(0), x = numeric(0), retained = logical(0), warning = character(0), error = character(0)),0.12555429980564,0.12279050932905
"Study 2","P4D_S2_08",10,0.1,"vertical",0.1,"all",1,"ri",0.1,0.0379079937016556,0.0845900049344564,389.976422009935,0.654302484047149,-0.128401513674131,0.204217501077443,FALSE,TRUE,TRUE,TRUE,FALSE,10,NA,NA,NA,NA,NA,NA,NA,NA,NA,NA,NA,NA,NA,NA,0.25,list(cluster = character(0), intercept = numeric(0), x = numeric(0), retained = logical(0), warning = character(0), error = character(0)),0.12555429980564,0.12279050932905
"Study 2","P4D_S2_08",10,0.1,"vertical",0.1,"all",1,"cr2",0.1,0.116242890098861,0.113274204387723,8.31779420933491,0.333709436992162,-0.143240900594819,0.375726680792542,FALSE,TRUE,TRUE,NA,NA,10,NA,NA,NA,NA,NA,NA,NA,NA,NA,NA,NA,NA,NA,NA,0.0600000000000591,list(cluster = character(0), intercept = numeric(0), x = numeric(0), retained = logical(0), warning = character(0), error = character(0)),0.12555429980564,0.12279050932905
"Study 2","P4D_S2_08",10,0.1,"vertical",0.1,"all",1,"cats",0.1,0.0693067050869562,0.0906572385909967,9,0.464146054899219,-0.135774216551173,0.274387626725085,FALSE,TRUE,TRUE,NA,NA,10,NA,NA,NA,NA,NA,NA,NA,NA,NA,NA,NA,NA,NA,NA,0.0499999999999545,list(cluster = character(0), intercept = numeric(0), x = numeric(0), retained = logical(0), warning = character(0), error = character(0)),0.12555429980564,0.12279050932905
"Study 2","P4D_S2_08",10,0.1,"vertical",0.1,"all",1,"cats_trunc",0.1,0.0693067050869562,0.0906572385909967,9,0.464146054899219,-0.135774216551173,0.274387626725085,FALSE,TRUE,TRUE,NA,NA,10,NA,NA,NA,NA,NA,NA,NA,NA,NA,NA,NA,NA,NA,NA,0.0400000000000773,list(cluster = character(0), intercept = numeric(0), x = numeric(0), retained = logical(0), warning = character(0), error = character(0)),0.12555429980564,0.12279050932905
"Study 2","P4D_S2_08",10,0.1,"vertical",0.1,"all",1,"cats_robust",0.1,0.189890108251384,0.0841972813120877,9,0.0505635000653562,-0.000577374756891041,0.380357591259658,FALSE,TRUE,TRUE,NA,NA,10,NA,NA,"Cluster : ",NA,NA,NA,NA,NA,0,0,0,NA,NA,NA,0.0799999999999272,list(cluster = c("1", "2", "3", "4", "5", "6", "7", "8", "9", "10"), intercept = c(-1.19881570768598, -1.09417681375544, -0.615939253850159, 1.51514907989473, 0.246295903661105, -0.0648970960648815, -0.701336442987468, 1.55514155194846, -1.6433076703981, 1.20161207886007), x = c(0.153323337747656, -0.088293581525912, 0.278549083657975, -0.0407144826350076, 0.455474720114341, 0.36401467976917, 0.102579234959933, -0.282167059763508, 0.498755678969283, 0.457379471219906), retained = c(TRUE, TRUE, TRUE, 
TRUE, TRUE, TRUE, TRUE, TRUE, TRUE, TRUE), warning = c(NA, NA, NA, NA, NA, NA, NA, NA, NA, NA), error = c(NA, NA, NA, NA, NA, NA, NA, NA, NA, NA)),0.12555429980564,0.12279050932905
"Study 2","P4D_S2_08",10,0.1,"vertical",0.1,"all",1,"cats_robustbase",0.1,0.188552763643481,0.080054490821056,9,0.0429303259522715,0.00745692381846577,0.369648603468496,TRUE,TRUE,TRUE,NA,NA,10,NA,NA,"Cluster : ",NA,NA,NA,NA,NA,0,0,0,NA,NA,NA,0.150000000000091,list(cluster = c("1", "2", "3", "4", "5", "6", "7", "8", "9", "10"), intercept = c(-1.14545155759854, -1.11188977005888, -0.640181125496365, 1.47668124391159, 0.22483988825714, -0.0659551318518414, -0.707025929053754, 1.552511981876, -1.67306841832743, 1.17033350069661), x = c(0.165756672172926, -0.0770524274864019, 0.228820244828958, 0.00711424492470021, 0.453247591686, 0.367807749310232, 0.115631429500789, -0.278257987360816, 0.513493716768406, 0.388966402090015), retained = c(TRUE, TRUE, TRUE, 
TRUE, TRUE, TRUE, TRUE, TRUE, TRUE, TRUE), warning = c(NA, NA, NA, NA, NA, NA, NA, NA, NA, NA), error = c(NA, NA, NA, NA, NA, NA, NA, NA, NA, NA)),0.12555429980564,0.12279050932905
"Study 2","P4D_S2_08",10,0.1,"vertical",0.1,"all",1,"robust_ri",0.1,0.120232763625292,0.0564544738544753,227.480573090868,0.0342681116909119,0.00899220355659419,0.231473323693989,TRUE,TRUE,TRUE,TRUE,FALSE,10,1.31374813607437,NA,NA,NA,0,NA,NA,NA,NA,NA,NA,NA,NA,NA,13.41,list(cluster = character(0), intercept = numeric(0), x = numeric(0), retained = logical(0), warning = character(0), error = character(0)),0.12555429980564,0.12279050932905
"Study 2","P4D_S2_08",10,0.1,"vertical",0.1,"all",1,"robust_rs",0.1,0.145750807648773,0.0901777401232823,7.28200172890609,0.148412042493433,-0.0658230306226601,0.357324645920206,FALSE,TRUE,TRUE,TRUE,FALSE,10,1.32281619018564,0.217772239977011,NA,NA,0,NA,NA,NA,NA,NA,NA,NA,NA,NA,34.14,list(cluster = character(0), intercept = numeric(0), x = numeric(0), retained = logical(0), warning = character(0), error = character(0)),0.12555429980564,0.12279050932905
"Study 2","P4D_S2_09",20,0.1,"none",0.1,"robust_only",1,"robust_ri",0.1,0.163766946669058,0.0360270077569033,688.162829966469,6.46877707331546e-06,0.0930308997857856,0.23450299355233,TRUE,TRUE,TRUE,TRUE,FALSE,20,1.16095364171855,NA,NA,NA,0,NA,NA,NA,NA,NA,NA,NA,NA,NA,26.2800000000001,list(cluster = character(0), intercept = numeric(0), x = numeric(0), retained = logical(0), warning = character(0), error = character(0)),0.117946866547242,0.107353152590282
"Study 2","P4D_S2_09",20,0.1,"none",0.1,"robust_only",1,"robust_rs",0.1,0.163766946956213,0.0360270098872905,688.166609830144,6.46877904400338e-06,0.0930308965746217,0.234502997337805,TRUE,TRUE,TRUE,TRUE,TRUE,20,1.16095364516595,0,"boundary (singular) fit: see help('isSingular')
",NA,0,NA,NA,NA,NA,NA,NA,NA,NA,NA,46.41,list(cluster = character(0), intercept = numeric(0), x = numeric(0), retained = logical(0), warning = character(0), error = character(0)),0.117946866547242,0.107353152590282
"Study 2","P4D_S2_10",40,0.1,"none",0.1,"robust_only",1,"robust_ri",0.1,0.1073868729713,0.0262931121957404,845.322906832503,4.84284302225001e-05,0.0557794284057664,0.158994317536833,TRUE,TRUE,TRUE,TRUE,FALSE,40,1.05597244304488,NA,NA,NA,0,NA,NA,NA,NA,NA,NA,NA,NA,NA,60.21,list(cluster = character(0), intercept = numeric(0), x = numeric(0), retained = logical(0), warning = character(0), error = character(0)),0.119574082000713,0.105387471155387
"Study 2","P4D_S2_10",40,0.1,"none",0.1,"robust_only",1,"robust_rs",0.1,0.105733788901928,0.0313559947843586,17.4646454851997,0.00351155406544731,0.0397122435109383,0.171755334292918,TRUE,TRUE,TRUE,TRUE,FALSE,40,1.05742773536328,0.105107275142612,NA,NA,0,NA,NA,NA,NA,NA,NA,NA,NA,NA,212.57,list(cluster = character(0), intercept = numeric(0), x = numeric(0), retained = logical(0), warning = character(0), error = character(0)),0.119574082000713,0.105387471155387
