"method","method_label","omitted_cluster","full_estimate","leave_one_out_estimate","estimate_change","fit_success","warning","error","dataset"
"rs","Random slope / KR","308",10.467285959596,9.80273204991067,-0.66455390968536,TRUE,,,"Observed"
"ri","Random intercept / KR","308",10.467285959596,9.80273204991096,-0.664553909685003,TRUE,,,"Observed"
"cr2","OLS / CR2","308",10.467285959596,9.80273204991087,-0.664553909685084,TRUE,,,"Observed"
"cats","CATs","308",10.467285959596,9.80273204991087,-0.664553909685086,TRUE,,,"Observed"
"cats_trunc","Truncated CATs","308",10.467285959596,9.80273204991087,-0.664553909685086,TRUE,,,"Observed"
"cats_robust","Robust CATs: lmRob","308",10.4177266188581,9.52574209740333,-0.89198452145474,TRUE,,,"Observed"
"cats_robustbase","Robust CATs: lmrob","308",10.0769619867008,9.18452858303156,-0.89243340366926,TRUE,"Cluster 334: M-step did NOT converge. Returning unconverged SM-estimate",,"Observed"
"robust_ri","Robust random intercept","308",10.6274709850567,10.0802559763539,-0.547215008702784,TRUE,,,"Observed"
"robust_rs","Robust random slope","308",10.6846295456918,10.0618809018756,-0.622748643816267,TRUE,,,"Observed"
"rs","Random slope / KR","309",10.467285959596,10.9499624598928,0.482676500296781,TRUE,,,"Observed"
"ri","Random intercept / KR","309",10.467285959596,10.9499624598931,0.482676500297114,TRUE,,,"Observed"
"cr2","OLS / CR2","309",10.467285959596,10.9499624598931,0.482676500297099,TRUE,,,"Observed"
"cats","CATs","309",10.467285959596,10.949962459893,0.482676500297089,TRUE,,,"Observed"
"cats_trunc","Truncated CATs","309",10.467285959596,10.949962459893,0.482676500297089,TRUE,,,"Observed"
"cats_robust","Robust CATs: lmRob","309",10.4177266188581,10.8108263219282,0.393099703070083,TRUE,,,"Observed"
"cats_robustbase","Robust CATs: lmrob","309",10.0769619867008,10.4550426141689,0.378080627468128,TRUE,"Cluster 334: M-step did NOT converge. Returning unconverged SM-estimate",,"Observed"
"robust_ri","Robust random intercept","309",10.6274709850567,11.2004351352162,0.572964150159438,TRUE,,,"Observed"
"robust_rs","Robust random slope","309",10.6846295456918,11.2861919478533,0.601562402161454,TRUE,,,"Observed"
"rs","Random slope / KR","310",10.467285959596,10.7233087344023,0.256022774806278,TRUE,,,"Observed"
"ri","Random intercept / KR","310",10.467285959596,10.7233087344028,0.256022774806876,TRUE,,,"Observed"
"cr2","OLS / CR2","310",10.467285959596,10.7233087344029,0.256022774806894,TRUE,,,"Observed"
"cats","CATs","310",10.467285959596,10.7233087344029,0.256022774806892,TRUE,,,"Observed"
"cats_trunc","Truncated CATs","310",10.467285959596,10.7233087344029,0.256022774806892,TRUE,,,"Observed"
"cats_robust","Robust CATs: lmRob","310",10.4177266188581,10.6708341383274,0.253107519469371,TRUE,,,"Observed"
"cats_robustbase","Robust CATs: lmrob","310",10.0769619867008,10.3077474707244,0.230785484023629,TRUE,"Cluster 334: M-step did NOT converge. Returning unconverged SM-estimate",,"Observed"
"robust_ri","Robust random intercept","310",10.6274709850567,10.9668873272346,0.339416342177904,TRUE,,,"Observed"
"robust_rs","Robust random slope","310",10.6846295456918,11.0477312356763,0.36310168998442,TRUE,,,"Observed"
"rs","Random slope / KR","330",10.467285959596,10.9060632085562,0.438777248960209,TRUE,,,"Observed"
"ri","Random intercept / KR","330",10.467285959596,10.9060632085562,0.438777248960223,TRUE,,,"Observed"
"cr2","OLS / CR2","330",10.467285959596,10.9060632085562,0.438777248960202,TRUE,,,"Observed"
"cats","CATs","330",10.467285959596,10.9060632085561,0.438777248960189,TRUE,,,"Observed"
"cats_trunc","Truncated CATs","330",10.467285959596,10.9060632085561,0.438777248960189,TRUE,,,"Observed"
"cats_robust","Robust CATs: lmRob","330",10.4177266188581,10.8535886124807,0.435861993622668,TRUE,,,"Observed"
"cats_robustbase","Robust CATs: lmrob","330",10.0769619867008,10.5064367490661,0.42947476236529,TRUE,"Cluster 334: M-step did NOT converge. Returning unconverged SM-estimate",,"Observed"
"robust_ri","Robust random intercept","330",10.6274709850567,11.0579700421838,0.430499057127083,TRUE,,,"Observed"
"robust_rs","Robust random slope","330",10.6846295456918,11.2034477757423,0.518818230050467,TRUE,,,"Observed"
"rs","Random slope / KR","331",10.467285959596,10.7732428520497,0.305956892453676,TRUE,,,"Observed"
"ri","Random intercept / KR","331",10.467285959596,10.7732428520499,0.305956892453949,TRUE,,,"Observed"
"cr2","OLS / CR2","331",10.467285959596,10.7732428520499,0.305956892453958,TRUE,,,"Observed"
"cats","CATs","331",10.467285959596,10.7732428520499,0.305956892453951,TRUE,,,"Observed"
"cats_trunc","Truncated CATs","331",10.467285959596,10.7732428520499,0.305956892453951,TRUE,,,"Observed"
"cats_robust","Robust CATs: lmRob","331",10.4177266188581,10.9092386748693,0.49151205601126,TRUE,,,"Observed"
"cats_robustbase","Robust CATs: lmrob","331",10.0769619867008,10.377769576416,0.30080758971517,TRUE,"Cluster 334: M-step did NOT converge. Returning unconverged SM-estimate",,"Observed"
"robust_ri","Robust random intercept","331",10.6274709850567,10.9801760031971,0.352705018140425,TRUE,,,"Observed"
"robust_rs","Robust random slope","331",10.6846295456918,11.0486799219182,0.364050376226386,TRUE,,,"Observed"
"rs","Random slope / KR","332",10.467285959596,10.5202576114072,0.0529716518111485,TRUE,,,"Observed"
"ri","Random intercept / KR","332",10.467285959596,10.5202576114081,0.0529716518121717,TRUE,,,"Observed"
"cr2","OLS / CR2","332",10.467285959596,10.5202576114082,0.0529716518122409,TRUE,,,"Observed"
"cats","CATs","332",10.467285959596,10.5202576114082,0.0529716518122409,TRUE,,,"Observed"
"cats_trunc","Truncated CATs","332",10.467285959596,10.5202576114082,0.0529716518122409,TRUE,,,"Observed"
"cats_robust","Robust CATs: lmRob","332",10.4177266188581,10.246886478261,-0.170840140597113,TRUE,,,"Observed"
"cats_robustbase","Robust CATs: lmrob","332",10.0769619867008,10.0782320493064,0.00127006260562723,TRUE,"Cluster 334: M-step did NOT converge. Returning unconverged SM-estimate",,"Observed"
"robust_ri","Robust random intercept","332",10.6274709850567,10.5907704884639,-0.0367004965928341,TRUE,,,"Observed"
"robust_rs","Robust random slope","332",10.6846295456918,10.5630562428086,-0.121573302883267,TRUE,,,"Observed"
"rs","Random slope / KR","333",10.467285959596,10.5452412834224,0.077955323826334,TRUE,,,"Observed"
"ri","Random intercept / KR","333",10.467285959596,10.5452412834225,0.0779553238264992,TRUE,,,"Observed"
"cr2","OLS / CR2","333",10.467285959596,10.5452412834225,0.0779553238265063,TRUE,,,"Observed"
"cats","CATs","333",10.467285959596,10.5452412834225,0.0779553238264992,TRUE,,,"Observed"
"cats_trunc","Truncated CATs","333",10.467285959596,10.5452412834225,0.0779553238264992,TRUE,,,"Observed"
"cats_robust","Robust CATs: lmRob","333",10.4177266188581,10.492766687347,0.0750400684889776,TRUE,,,"Observed"
"cats_robustbase","Robust CATs: lmrob","333",10.0769619867008,10.1328944132001,0.0559324264993037,TRUE,"Cluster 334: M-step did NOT converge. Returning unconverged SM-estimate",,"Observed"
"robust_ri","Robust random intercept","333",10.6274709850567,10.7288685888088,0.101397603752121,TRUE,,,"Observed"
"robust_rs","Robust random slope","333",10.6846295456918,10.7815981499398,0.096968604247996,TRUE,,,"Observed"
"rs","Random slope / KR","334",10.467285959596,10.3622356506238,-0.105050308972183,TRUE,,,"Observed"
"ri","Random intercept / KR","334",10.467285959596,10.3622356506239,-0.105050308972107,TRUE,,,"Observed"
"cr2","OLS / CR2","334",10.467285959596,10.3622356506239,-0.105050308972075,TRUE,,,"Observed"
"cats","CATs","334",10.467285959596,10.3622356506239,-0.105050308972073,TRUE,,,"Observed"
"cats_trunc","Truncated CATs","334",10.467285959596,10.3622356506239,-0.105050308972073,TRUE,,,"Observed"
"cats_robust","Robust CATs: lmRob","334",10.4177266188581,9.96488826870686,-0.452838350151206,TRUE,,,"Observed"
"cats_robustbase","Robust CATs: lmrob","334",10.0769619867008,9.93511568063322,-0.141846306067604,TRUE,,,"Observed"
"robust_ri","Robust random intercept","334",10.6274709850567,10.497517377961,-0.129953607095739,TRUE,,,"Observed"
"robust_rs","Robust random slope","334",10.6846295456918,10.566759618957,-0.117869926734853,TRUE,,,"Observed"
"rs","Random slope / KR","335",10.467285959596,11.2524812477717,0.785195288175702,TRUE,,,"Observed"
"ri","Random intercept / KR","335",10.467285959596,11.2524812477719,0.785195288175901,TRUE,,,"Observed"
"cr2","OLS / CR2","335",10.467285959596,11.2524812477718,0.785195288175872,TRUE,,,"Observed"
"cats","CATs","335",10.467285959596,11.2524812477718,0.785195288175876,TRUE,,,"Observed"
"cats_trunc","Truncated CATs","335",10.467285959596,11.2524812477718,0.785195288175876,TRUE,,,"Observed"
"cats_robust","Robust CATs: lmRob","335",10.4177266188581,11.3050379885948,0.88731136973675,TRUE,,,"Observed"
"cats_robustbase","Robust CATs: lmrob","335",10.0769619867008,10.8730400926256,0.796078105924794,TRUE,"Cluster 334: M-step did NOT converge. Returning unconverged SM-estimate",,"Observed"
"robust_ri","Robust random intercept","335",10.6274709850567,11.3410220858997,0.713551100842933,TRUE,,,"Observed"
"robust_rs","Robust random slope","335",10.6846295456918,11.3376393657748,0.653009820082927,TRUE,,,"Observed"
"rs","Random slope / KR","337",10.467285959596,9.96383372548999,-0.503452234106037,TRUE,,,"Observed"
"ri","Random intercept / KR","337",10.467285959596,9.96383372549029,-0.503452234105673,TRUE,,,"Observed"
"cr2","OLS / CR2","337",10.467285959596,9.96383372549019,-0.503452234105765,TRUE,,,"Observed"
"cats","CATs","337",10.467285959596,9.9638337254902,-0.503452234105765,TRUE,,,"Observed"
"cats_trunc","Truncated CATs","337",10.467285959596,9.9638337254902,-0.503452234105765,TRUE,,,"Observed"
"cats_robust","Robust CATs: lmRob","337",10.4177266188581,9.99039216391201,-0.427334454946065,TRUE,,,"Observed"
"cats_robustbase","Robust CATs: lmrob","337",10.0769619867008,9.63024677410997,-0.446715212590851,TRUE,"Cluster 334: M-step did NOT converge. Returning unconverged SM-estimate",,"Observed"
"robust_ri","Robust random intercept","337",10.6274709850567,10.0636732258367,-0.563797759220057,TRUE,,,"Observed"
"robust_rs","Robust random slope","337",10.6846295456918,10.1635816696074,-0.521047876084404,TRUE,,,"Observed"
"rs","Random slope / KR","349",10.467285959596,10.2892479144383,-0.178038045157702,TRUE,,,"Observed"
"ri","Random intercept / KR","349",10.467285959596,10.2892479144386,-0.178038045157409,TRUE,,,"Observed"
"cr2","OLS / CR2","349",10.467285959596,10.2892479144385,-0.178038045157452,TRUE,,,"Observed"
"cats","CATs","349",10.467285959596,10.2892479144385,-0.178038045157457,TRUE,,,"Observed"
"cats_trunc","Truncated CATs","349",10.467285959596,10.2892479144385,-0.178038045157457,TRUE,,,"Observed"
"cats_robust","Robust CATs: lmRob","349",10.4177266188581,10.2367733183631,-0.180953300494979,TRUE,,,"Observed"
"cats_robustbase","Robust CATs: lmrob","349",10.0769619867008,9.87035626964799,-0.206605717052829,TRUE,"Cluster 334: M-step did NOT converge. Returning unconverged SM-estimate",,"Observed"
"robust_ri","Robust random intercept","349",10.6274709850567,10.4007085068307,-0.226762478226068,TRUE,,,"Observed"
"robust_rs","Robust random slope","349",10.6846295456918,10.4872721190445,-0.197357426647381,TRUE,,,"Observed"
"rs","Random slope / KR","350",10.467285959596,9.93571354723682,-0.531572412359205,TRUE,,,"Observed"
"ri","Random intercept / KR","350",10.467285959596,9.93571354723708,-0.531572412358887,TRUE,,,"Observed"
"cr2","OLS / CR2","350",10.467285959596,9.93571354723707,-0.531572412358885,TRUE,,,"Observed"
"cats","CATs","350",10.467285959596,9.93571354723708,-0.531572412358884,TRUE,,,"Observed"
"cats_trunc","Truncated CATs","350",10.467285959596,9.93571354723708,-0.531572412358884,TRUE,,,"Observed"
"cats_robust","Robust CATs: lmRob","350",10.4177266188581,9.88323895116167,-0.534487667696405,TRUE,,,"Observed"
"cats_robustbase","Robust CATs: lmrob","350",10.0769619867008,9.52258774587931,-0.554374240821508,TRUE,"Cluster 334: M-step did NOT converge. Returning unconverged SM-estimate",,"Observed"
"robust_ri","Robust random intercept","350",10.6274709850567,9.9946141224474,-0.632856862609323,TRUE,,,"Observed"
"robust_rs","Robust random slope","350",10.6846295456918,10.066928999849,-0.617700545842819,TRUE,,,"Observed"
"rs","Random slope / KR","351",10.467285959596,10.7045676292338,0.237281669637778,TRUE,,,"Observed"
"ri","Random intercept / KR","351",10.467285959596,10.7045676292334,0.237281669637465,TRUE,,,"Observed"
"cr2","OLS / CR2","351",10.467285959596,10.7045676292335,0.237281669637552,TRUE,,,"Observed"
"cats","CATs","351",10.467285959596,10.7045676292335,0.237281669637552,TRUE,,,"Observed"
"cats_trunc","Truncated CATs","351",10.467285959596,10.7045676292335,0.237281669637552,TRUE,,,"Observed"
"cats_robust","Robust CATs: lmRob","351",10.4177266188581,10.6482942905843,0.230567671726224,TRUE,,,"Observed"
"cats_robustbase","Robust CATs: lmrob","351",10.0769619867008,10.2556714819407,0.178709495239929,TRUE,"Cluster 334: M-step did NOT converge. Returning unconverged SM-estimate",,"Observed"
"robust_ri","Robust random intercept","351",10.6274709850567,10.8820336112045,0.254562626147818,TRUE,,,"Observed"
"robust_rs","Robust random slope","351",10.6846295456918,10.8836309361134,0.199001390421515,TRUE,,,"Observed"
"rs","Random slope / KR","352",10.467285959596,10.2849763636362,-0.182309595959797,TRUE,,,"Observed"
"ri","Random intercept / KR","352",10.467285959596,10.2849763636363,-0.182309595959676,TRUE,,,"Observed"
"cr2","OLS / CR2","352",10.467285959596,10.2849763636364,-0.182309595959588,TRUE,,,"Observed"
"cats","CATs","352",10.467285959596,10.2849763636364,-0.182309595959596,TRUE,,,"Observed"
"cats_trunc","Truncated CATs","352",10.467285959596,10.2849763636364,-0.182309595959596,TRUE,,,"Observed"
"cats_robust","Robust CATs: lmRob","352",10.4177266188581,10.5006143611438,0.0828877422857701,TRUE,,,"Observed"
"cats_robustbase","Robust CATs: lmrob","352",10.0769619867008,10.1482369939797,0.0712750072788833,TRUE,"Cluster 334: M-step did NOT converge. Returning unconverged SM-estimate",,"Observed"
"robust_ri","Robust random intercept","352",10.6274709850567,10.5167808452414,-0.110690139815286,TRUE,,,"Observed"
"robust_rs","Robust random slope","352",10.6846295456918,10.6250106429477,-0.0596189027440897,TRUE,,,"Observed"
"rs","Random slope / KR","369",10.467285959596,10.4154728342241,-0.0518131253719041,TRUE,,,"Observed"
"ri","Random intercept / KR","369",10.467285959596,10.4154728342246,-0.051813125371357,TRUE,,,"Observed"
"cr2","OLS / CR2","369",10.467285959596,10.4154728342246,-0.0518131253713587,TRUE,,,"Observed"
"cats","CATs","369",10.467285959596,10.4154728342246,-0.0518131253713623,TRUE,,,"Observed"
"cats_trunc","Truncated CATs","369",10.467285959596,10.4154728342246,-0.0518131253713623,TRUE,,,"Observed"
"cats_robust","Robust CATs: lmRob","369",10.4177266188581,10.3629982381492,-0.0547283807088821,TRUE,,,"Observed"
"cats_robustbase","Robust CATs: lmrob","369",10.0769619867008,9.99963288543977,-0.0773291012610517,TRUE,"Cluster 334: M-step did NOT converge. Returning unconverged SM-estimate",,"Observed"
"robust_ri","Robust random intercept","369",10.6274709850567,10.5624009667824,-0.0650700182743513,TRUE,,,"Observed"
"robust_rs","Robust random slope","369",10.6846295456918,10.6152445668873,-0.0693849788045284,TRUE,,,"Observed"
"rs","Random slope / KR","370",10.467285959596,10.0208821390373,-0.446403820558686,TRUE,,,"Observed"
"ri","Random intercept / KR","370",10.467285959596,10.0208821390374,-0.446403820558517,TRUE,,,"Observed"
"cr2","OLS / CR2","370",10.467285959596,10.0208821390374,-0.446403820558523,TRUE,,,"Observed"
"cats","CATs","370",10.467285959596,10.0208821390374,-0.446403820558528,TRUE,,,"Observed"
"cats_trunc","Truncated CATs","370",10.467285959596,10.0208821390374,-0.446403820558528,TRUE,,,"Observed"
"cats_robust","Robust CATs: lmRob","370",10.4177266188581,9.96840754296202,-0.449319075896048,TRUE,,,"Observed"
"cats_robustbase","Robust CATs: lmrob","370",10.0769619867008,9.60535576497027,-0.471606221730553,TRUE,"Cluster 334: M-step did NOT converge. Returning unconverged SM-estimate",,"Observed"
"robust_ri","Robust random intercept","370",10.6274709850567,10.0652341636509,-0.562236821405774,TRUE,,,"Observed"
"robust_rs","Robust random slope","370",10.6846295456918,10.1464751601437,-0.538154385548125,TRUE,,,"Observed"
"rs","Random slope / KR","371",10.467285959596,10.5425119073088,0.0752259477127648,TRUE,,,"Observed"
"ri","Random intercept / KR","371",10.467285959596,10.5425119073084,0.0752259477124291,TRUE,,,"Observed"
"cr2","OLS / CR2","371",10.467285959596,10.5425119073084,0.0752259477124255,TRUE,,,"Observed"
"cats","CATs","371",10.467285959596,10.5425119073084,0.0752259477124184,TRUE,,,"Observed"
"cats_trunc","Truncated CATs","371",10.467285959596,10.5425119073084,0.0752259477124184,TRUE,,,"Observed"
"cats_robust","Robust CATs: lmRob","371",10.4177266188581,10.7726474469683,0.354920828110263,TRUE,,,"Observed"
"cats_robustbase","Robust CATs: lmrob","371",10.0769619867008,10.4899694099236,0.413007423222782,TRUE,"Cluster 334: M-step did NOT converge. Returning unconverged SM-estimate",,"Observed"
"robust_ri","Robust random intercept","371",10.6274709850567,10.7124639349183,0.0849929498615847,TRUE,,,"Observed"
"robust_rs","Robust random slope","371",10.6846295456918,10.7432089640486,0.0585794183568016,TRUE,,,"Observed"
"rs","Random slope / KR","372",10.467285959596,10.4184161140817,-0.048869845514373,TRUE,,,"Observed"
"ri","Random intercept / KR","372",10.467285959596,10.418416114082,-0.0488698455139627,TRUE,,,"Observed"
"cr2","OLS / CR2","372",10.467285959596,10.418416114082,-0.0488698455139627,TRUE,,,"Observed"
"cats","CATs","372",10.467285959596,10.418416114082,-0.0488698455139644,TRUE,,,"Observed"
"cats_trunc","Truncated CATs","372",10.467285959596,10.418416114082,-0.0488698455139644,TRUE,,,"Observed"
"cats_robust","Robust CATs: lmRob","372",10.4177266188581,10.3759035582822,-0.0418230605759167,TRUE,,,"Observed"
"cats_robustbase","Robust CATs: lmrob","372",10.0769619867008,10.012451205551,-0.0645107811498633,TRUE,"Cluster 334: M-step did NOT converge. Returning unconverged SM-estimate",,"Observed"
"robust_ri","Robust random intercept","372",10.6274709850567,10.562164739931,-0.0653062451257576,TRUE,,,"Observed"
"robust_rs","Robust random slope","372",10.6846295456918,10.6314387911796,-0.0531907545122028,TRUE,,,"Observed"
"rs","Random slope / KR","308",9.32987193174147,8.76263686935942,-0.567235062382045,TRUE,,,"Perturbed"
"ri","Random intercept / KR","308",9.32987193174144,8.76263686935942,-0.567235062382016,TRUE,,,"Perturbed"
"cr2","OLS / CR2","308",9.32987193174151,8.76263686935948,-0.567235062382025,TRUE,,,"Perturbed"
"cats","CATs","308",9.32987193174151,8.76263686935948,-0.56723506238203,TRUE,,,"Perturbed"
"cats_trunc","Truncated CATs","308",9.32987193174151,8.76263686935948,-0.56723506238203,TRUE,,,"Perturbed"
"cats_robust","Robust CATs: lmRob","308",10.2303964279918,9.30325986166449,-0.927136566327281,TRUE,,,"Perturbed"
"cats_robustbase","Robust CATs: lmrob","308",9.92190486470107,9.16691345096997,-0.754991413731098,TRUE,"Cluster 371: find_scale() did not converge in 'maxit.scale' (= 200) iterations with tol=1e-10, last rel.diff=0",,"Perturbed"
"robust_ri","Robust random intercept","308",9.48373343658066,9.10850065012391,-0.375232786456751,TRUE,,,"Perturbed"
"robust_rs","Robust random slope","308",10.1407243594468,9.49608370827607,-0.644640651170706,TRUE,,,"Perturbed"
"rs","Random slope / KR","309",9.32987193174147,10.1288346857732,0.79896275403175,TRUE,,,"Perturbed"
"ri","Random intercept / KR","309",9.32987193174144,10.1288346857734,0.798962754031978,TRUE,,,"Perturbed"
"cr2","OLS / CR2","309",9.32987193174151,10.1288346857735,0.798962754032011,TRUE,,,"Perturbed"
"cats","CATs","309",9.32987193174151,10.1288346857735,0.798962754032017,TRUE,,,"Perturbed"
"cats_trunc","Truncated CATs","309",9.32987193174151,10.1288346857735,0.798962754032017,TRUE,,,"Perturbed"
"cats_robust","Robust CATs: lmRob","309",10.2303964279918,10.6072664227977,0.376869994805945,TRUE,,,"Perturbed"
"cats_robustbase","Robust CATs: lmrob","309",9.92190486470107,10.299878205976,0.377973341274933,TRUE,"Cluster 371: find_scale() did not converge in 'maxit.scale' (= 200) iterations with tol=1e-10, last rel.diff=0",,"Perturbed"
"robust_ri","Robust random intercept","309",9.48373343658066,10.1509179196575,0.667184483076859,TRUE,,,"Perturbed"
"robust_rs","Robust random slope","309",10.1407243594468,10.5997145755434,0.458990216096662,TRUE,,,"Perturbed"
"rs","Random slope / KR","310",9.32987193174147,9.0263113345557,-0.303560597185767,TRUE,,,"Perturbed"
"ri","Random intercept / KR","310",9.32987193174144,9.02631133455575,-0.303560597185685,TRUE,,,"Perturbed"
"cr2","OLS / CR2","310",9.32987193174151,9.02631133455584,-0.303560597185673,TRUE,,,"Perturbed"
"cats","CATs","310",9.32987193174151,9.02631133455583,-0.303560597185674,TRUE,,,"Perturbed"
"cats_trunc","Truncated CATs","310",9.32987193174151,9.02631133455583,-0.303560597185674,TRUE,,,"Perturbed"
"cats_robust","Robust CATs: lmRob","310",10.2303964279918,10.418548178658,0.188151750666183,TRUE,,,"Perturbed"
"cats_robustbase","Robust CATs: lmrob","310",9.92190486470107,10.0880915692482,0.166186704547144,TRUE,"Cluster 371: find_scale() did not converge in 'maxit.scale' (= 200) iterations with tol=1e-10, last rel.diff=0",,"Perturbed"
"robust_ri","Robust random intercept","310",9.48373343658066,9.35266447471734,-0.131068961863322,TRUE,,,"Perturbed"
"robust_rs","Robust random slope","310",10.1407243594468,10.1414007263614,0.000676366914637683,TRUE,,,"Perturbed"
"rs","Random slope / KR","330",9.32987193174147,9.86596802800463,0.536096096263165,TRUE,,,"Perturbed"
"ri","Random intercept / KR","330",9.32987193174144,9.86596802800475,0.536096096263318,TRUE,,,"Perturbed"
"cr2","OLS / CR2","330",9.32987193174151,9.86596802800475,0.536096096263247,TRUE,,,"Perturbed"
"cats","CATs","330",9.32987193174151,9.86596802800475,0.536096096263245,TRUE,,,"Perturbed"
"cats_trunc","Truncated CATs","330",9.32987193174151,9.86596802800475,0.536096096263245,TRUE,,,"Perturbed"
"cats_robust","Robust CATs: lmRob","330",10.2303964279918,10.6215454580697,0.391149030077948,TRUE,,,"Perturbed"
"cats_robustbase","Robust CATs: lmrob","330",9.92190486470107,10.2971433783416,0.375238513640486,TRUE,"Cluster 371: find_scale() did not converge in 'maxit.scale' (= 200) iterations with tol=1e-10, last rel.diff=0",,"Perturbed"
"robust_ri","Robust random intercept","330",9.48373343658066,9.96103344480086,0.477300008220197,TRUE,,,"Perturbed"
"robust_rs","Robust random slope","330",10.1407243594468,10.6667805821409,0.526056222694137,TRUE,,,"Perturbed"
"rs","Random slope / KR","331",9.32987193174147,9.51418026506658,0.184308333325108,TRUE,,,"Perturbed"
"ri","Random intercept / KR","331",9.32987193174144,9.51418026506659,0.184308333325149,TRUE,,,"Perturbed"
"cr2","OLS / CR2","331",9.32987193174151,9.51418026506664,0.184308333325133,TRUE,,,"Perturbed"
"cats","CATs","331",9.32987193174151,9.51418026506664,0.184308333325133,TRUE,,,"Perturbed"
"cats_trunc","Truncated CATs","331",9.32987193174151,9.51418026506664,0.184308333325133,TRUE,,,"Perturbed"
"cats_robust","Robust CATs: lmRob","331",10.2303964279918,10.5186530382234,0.288256610231631,TRUE,,,"Perturbed"
"cats_robustbase","Robust CATs: lmrob","331",9.92190486470107,10.2022150379625,0.280310173261439,TRUE,"Cluster 371: find_scale() did not converge in 'maxit.scale' (= 200) iterations with tol=1e-10, last rel.diff=0",,"Perturbed"
"robust_ri","Robust random intercept","331",9.48373343658066,9.81243267121471,0.328699234634046,TRUE,,,"Perturbed"
"robust_rs","Robust random slope","331",10.1407243594468,10.5189654655022,0.378241106055464,TRUE,,,"Perturbed"
"rs","Random slope / KR","332",9.32987193174147,8.93274391477716,-0.397128016964309,TRUE,,,"Perturbed"
"ri","Random intercept / KR","332",9.32987193174144,8.93274391477704,-0.397128016964393,TRUE,,,"Perturbed"
"cr2","OLS / CR2","332",9.32987193174151,8.93274391477712,-0.397128016964391,TRUE,,,"Perturbed"
"cats","CATs","332",9.32987193174151,8.93274391477712,-0.397128016964389,TRUE,,,"Perturbed"
"cats_trunc","Truncated CATs","332",9.32987193174151,8.93274391477712,-0.397128016964389,TRUE,,,"Perturbed"
"cats_robust","Robust CATs: lmRob","332",10.2303964279918,10.1123628068263,-0.118033621165475,TRUE,,,"Perturbed"
"cats_robustbase","Robust CATs: lmrob","332",9.92190486470107,10.0566211608645,0.134716296163431,TRUE,"Cluster 371: find_scale() did not converge in 'maxit.scale' (= 200) iterations with tol=1e-10, last rel.diff=0",,"Perturbed"
"robust_ri","Robust random intercept","332",9.48373343658066,9.35987222993858,-0.123861206642081,TRUE,,,"Perturbed"
"robust_rs","Robust random slope","332",10.1407243594468,9.97794079696829,-0.162783562478493,TRUE,,,"Perturbed"
"rs","Random slope / KR","333",9.32987193174147,9.61462980608676,0.284757874345292,TRUE,,,"Perturbed"
"ri","Random intercept / KR","333",9.32987193174144,9.61462980608695,0.284757874345516,TRUE,,,"Perturbed"
"cr2","OLS / CR2","333",9.32987193174151,9.614629806087,0.284757874345493,TRUE,,,"Perturbed"
"cats","CATs","333",9.32987193174151,9.614629806087,0.284757874345493,TRUE,,,"Perturbed"
"cats_trunc","Truncated CATs","333",9.32987193174151,9.614629806087,0.284757874345493,TRUE,,,"Perturbed"
"cats_robust","Robust CATs: lmRob","333",10.2303964279918,10.3301737697768,0.0997773417849839,TRUE,,,"Perturbed"
"cats_robustbase","Robust CATs: lmrob","333",9.92190486470107,10.0024980581518,0.080593193450742,TRUE,"Cluster 371: find_scale() did not converge in 'maxit.scale' (= 200) iterations with tol=1e-10, last rel.diff=0",,"Perturbed"
"robust_ri","Robust random intercept","333",9.48373343658066,9.65381439518954,0.170080958608876,TRUE,,,"Perturbed"
"robust_rs","Robust random slope","333",10.1407243594468,10.3303401392967,0.189615779849952,TRUE,,,"Perturbed"
"rs","Random slope / KR","334",9.32987193174147,9.43162417328825,0.101752241546782,TRUE,,,"Perturbed"
"ri","Random intercept / KR","334",9.32987193174144,9.43162417328834,0.101752241546901,TRUE,,,"Perturbed"
"cr2","OLS / CR2","334",9.32987193174151,9.43162417328842,0.101752241546917,TRUE,,,"Perturbed"
"cats","CATs","334",9.32987193174151,9.43162417328842,0.101752241546919,TRUE,,,"Perturbed"
"cats_trunc","Truncated CATs","334",9.32987193174151,9.43162417328842,0.101752241546919,TRUE,,,"Perturbed"
"cats_robust","Robust CATs: lmRob","334",10.2303964279918,9.72156092375599,-0.508835504235778,TRUE,,,"Perturbed"
"cats_robustbase","Robust CATs: lmrob","334",9.92190486470107,9.84365899316284,-0.0782458715382255,TRUE,"Cluster 371: find_scale() did not converge in 'maxit.scale' (= 200) iterations with tol=1e-10, last rel.diff=0",,"Perturbed"
"robust_ri","Robust random intercept","334",9.48373343658066,9.44904956372197,-0.0346838728586896,TRUE,,,"Perturbed"
"robust_rs","Robust random slope","334",10.1407243594468,10.1123196286244,-0.0284047308223911,TRUE,,,"Perturbed"
"rs","Random slope / KR","335",9.32987193174147,10.5408371768682,1.21096524512673,TRUE,,,"Perturbed"
"ri","Random intercept / KR","335",9.32987193174144,10.5408371768682,1.21096524512678,TRUE,,,"Perturbed"
"cr2","OLS / CR2","335",9.32987193174151,10.5408371768682,1.21096524512674,TRUE,,,"Perturbed"
"cats","CATs","335",9.32987193174151,10.5408371768682,1.21096524512674,TRUE,,,"Perturbed"
"cats_trunc","Truncated CATs","335",9.32987193174151,10.5408371768682,1.21096524512674,TRUE,,,"Perturbed"
"cats_robust","Robust CATs: lmRob","335",10.2303964279918,11.1066883747364,0.876291946744615,TRUE,,,"Perturbed"
"cats_robustbase","Robust CATs: lmrob","335",9.92190486470107,10.7809999618933,0.859095097192192,TRUE,"Cluster 371: find_scale() did not converge in 'maxit.scale' (= 200) iterations with tol=1e-10, last rel.diff=0",,"Perturbed"
"robust_ri","Robust random intercept","335",9.48373343658066,10.4652434588039,0.981510022223222,TRUE,,,"Perturbed"
"robust_rs","Robust random slope","335",10.1407243594468,10.9031273319642,0.762402972517378,TRUE,,,"Perturbed"
"rs","Random slope / KR","337",9.32987193174147,8.92373854493869,-0.406133386802782,TRUE,,,"Perturbed"
"ri","Random intercept / KR","337",9.32987193174144,8.92373854493876,-0.406133386802676,TRUE,,,"Perturbed"
"cr2","OLS / CR2","337",9.32987193174151,8.92373854493879,-0.406133386802715,TRUE,,,"Perturbed"
"cats","CATs","337",9.32987193174151,8.9237385449388,-0.406133386802709,TRUE,,,"Perturbed"
"cats_trunc","Truncated CATs","337",9.32987193174151,8.9237385449388,-0.406133386802709,TRUE,,,"Perturbed"
"cats_robust","Robust CATs: lmRob","337",10.2303964279918,9.78939488414218,-0.441001543849593,TRUE,,,"Perturbed"
"cats_robustbase","Robust CATs: lmrob","337",9.92190486470107,9.41475867264475,-0.507146192056322,TRUE,"Cluster 371: find_scale() did not converge in 'maxit.scale' (= 200) iterations with tol=1e-10, last rel.diff=0",,"Perturbed"
"robust_ri","Robust random intercept","337",9.48373343658066,8.94440888484675,-0.539324551733907,TRUE,,,"Perturbed"
"robust_rs","Robust random slope","337",10.1407243594468,9.63065032779291,-0.510074031653874,TRUE,,,"Perturbed"
"rs","Random slope / KR","349",9.32987193174147,9.57760384353458,0.247731911793107,TRUE,,,"Perturbed"
"ri","Random intercept / KR","349",9.32987193174144,9.57760384353478,0.247731911793345,TRUE,,,"Perturbed"
"cr2","OLS / CR2","349",9.32987193174151,9.57760384353492,0.24773191179341,TRUE,,,"Perturbed"
"cats","CATs","349",9.32987193174151,9.57760384353491,0.247731911793409,TRUE,,,"Perturbed"
"cats_trunc","Truncated CATs","349",9.32987193174151,9.57760384353491,0.247731911793409,TRUE,,,"Perturbed"
"cats_robust","Robust CATs: lmRob","349",10.2303964279918,10.1123841590501,-0.11801226894166,TRUE,,,"Perturbed"
"cats_robustbase","Robust CATs: lmrob","349",9.92190486470107,9.78849489173423,-0.133409972966843,TRUE,"Cluster 371: find_scale() did not converge in 'maxit.scale' (= 200) iterations with tol=1e-10, last rel.diff=0",,"Perturbed"
"robust_ri","Robust random intercept","349",9.48373343658066,9.52545789853346,0.0417244619528034,TRUE,,,"Perturbed"
"robust_rs","Robust random slope","349",10.1407243594468,10.2125934786819,0.0718691192351493,TRUE,,,"Perturbed"
"rs","Random slope / KR","350",9.32987193174147,9.11458577311731,-0.215286158624155,TRUE,,,"Perturbed"
"ri","Random intercept / KR","350",9.32987193174144,9.11458577311756,-0.215286158623874,TRUE,,,"Perturbed"
"cr2","OLS / CR2","350",9.32987193174151,9.11458577311755,-0.215286158623956,TRUE,,,"Perturbed"
"cats","CATs","350",9.32987193174151,9.11458577311755,-0.215286158623954,TRUE,,,"Perturbed"
"cats_trunc","Truncated CATs","350",9.32987193174151,9.11458577311755,-0.215286158623954,TRUE,,,"Perturbed"
"cats_robust","Robust CATs: lmRob","350",10.2303964279918,9.69114656891728,-0.539249859074488,TRUE,,,"Perturbed"
"cats_robustbase","Robust CATs: lmrob","350",9.92190486470107,9.42956123104031,-0.492343633660758,TRUE,"Cluster 371: find_scale() did not converge in 'maxit.scale' (= 200) iterations with tol=1e-10, last rel.diff=0",,"Perturbed"
"robust_ri","Robust random intercept","350",9.48373343658066,9.00427570649093,-0.479457730089726,TRUE,,,"Perturbed"
"robust_rs","Robust random slope","350",10.1407243594468,9.62107770300468,-0.519646656442102,TRUE,,,"Perturbed"
"rs","Random slope / KR","351",9.32987193174147,9.22653763581826,-0.103334295923206,TRUE,,,"Perturbed"
"ri","Random intercept / KR","351",9.32987193174144,9.22653763581832,-0.103334295923119,TRUE,,,"Perturbed"
"cr2","OLS / CR2","351",9.32987193174151,9.22653763581836,-0.103334295923144,TRUE,,,"Perturbed"
"cats","CATs","351",9.32987193174151,9.22653763581837,-0.10333429592314,TRUE,,,"Perturbed"
"cats_trunc","Truncated CATs","351",9.32987193174151,9.22653763581837,-0.10333429592314,TRUE,,,"Perturbed"
"cats_robust","Robust CATs: lmRob","351",10.2303964279918,10.4626536832716,0.232257255279793,TRUE,,,"Perturbed"
"cats_robustbase","Robust CATs: lmrob","351",9.92190486470107,10.1229807723149,0.201075907613799,TRUE,"Cluster 371: find_scale() did not converge in 'maxit.scale' (= 200) iterations with tol=1e-10, last rel.diff=0",,"Perturbed"
"robust_ri","Robust random intercept","351",9.48373343658066,9.58830431482278,0.10457087824212,TRUE,,,"Perturbed"
"robust_rs","Robust random slope","351",10.1407243594468,10.2748803488719,0.134155989425093,TRUE,,,"Perturbed"
"rs","Random slope / KR","352",9.32987193174147,8.58797896378909,-0.741892967952383,TRUE,,,"Perturbed"
"ri","Random intercept / KR","352",9.32987193174144,8.58797896378914,-0.741892967952294,TRUE,,,"Perturbed"
"cr2","OLS / CR2","352",9.32987193174151,8.58797896378935,-0.741892967952159,TRUE,,,"Perturbed"
"cats","CATs","352",9.32987193174151,8.58797896378934,-0.741892967952163,TRUE,,,"Perturbed"
"cats_trunc","Truncated CATs","352",9.32987193174151,8.58797896378934,-0.741892967952163,TRUE,,,"Perturbed"
"cats_robust","Robust CATs: lmRob","352",10.2303964279918,10.3022647472854,0.0718683192936336,TRUE,,,"Perturbed"
"cats_robustbase","Robust CATs: lmrob","352",9.92190486470107,9.9840588648035,0.0621540001024279,TRUE,"Cluster 371: find_scale() did not converge in 'maxit.scale' (= 200) iterations with tol=1e-10, last rel.diff=0",,"Perturbed"
"robust_ri","Robust random intercept","352",9.48373343658066,9.21600995447923,-0.267723482101426,TRUE,,,"Perturbed"
"robust_rs","Robust random slope","352",10.1407243594468,9.95091291998751,-0.189811439459268,TRUE,,,"Perturbed"
"rs","Random slope / KR","369",9.32987193174147,9.70382876332091,0.37395683157944,TRUE,,,"Perturbed"
"ri","Random intercept / KR","369",9.32987193174144,9.70382876332096,0.373956831579521,TRUE,,,"Perturbed"
"cr2","OLS / CR2","369",9.32987193174151,9.70382876332102,0.373956831579509,TRUE,,,"Perturbed"
"cats","CATs","369",9.32987193174151,9.70382876332101,0.373956831579504,TRUE,,,"Perturbed"
"cats_trunc","Truncated CATs","369",9.32987193174151,9.70382876332101,0.373956831579504,TRUE,,,"Perturbed"
"cats_robust","Robust CATs: lmRob","369",10.2303964279918,10.2107857276776,-0.0196107003142085,TRUE,,,"Perturbed"
"cats_robustbase","Robust CATs: lmrob","369",9.92190486470107,9.88412571046314,-0.0377791542379313,TRUE,"Cluster 371: find_scale() did not converge in 'maxit.scale' (= 200) iterations with tol=1e-10, last rel.diff=0",,"Perturbed"
"robust_ri","Robust random intercept","369",9.48373343658066,9.64056891162937,0.156835475048705,TRUE,,,"Perturbed"
"robust_rs","Robust random slope","369",10.1407243594468,10.2964851267726,0.1557607673258,TRUE,,,"Perturbed"
"rs","Random slope / KR","370",9.32987193174147,8.54285214562218,-0.787019786119284,TRUE,,,"Perturbed"
"ri","Random intercept / KR","370",9.32987193174144,8.54285214562225,-0.787019786119187,TRUE,,,"Perturbed"
"cr2","OLS / CR2","370",9.32987193174151,8.54285214562229,-0.78701978611922,TRUE,,,"Perturbed"
"cats","CATs","370",9.32987193174151,8.54285214562229,-0.787019786119219,TRUE,,,"Perturbed"
"cats_trunc","Truncated CATs","370",9.32987193174151,8.54285214562229,-0.787019786119219,TRUE,,,"Perturbed"
"cats_robust","Robust CATs: lmRob","370",10.2303964279918,9.78662495489786,-0.443771473093909,TRUE,,,"Perturbed"
"cats_robustbase","Robust CATs: lmrob","370",9.92190486470107,9.45874079867361,-0.463164066027456,TRUE,"Cluster 371: find_scale() did not converge in 'maxit.scale' (= 200) iterations with tol=1e-10, last rel.diff=0",,"Perturbed"
"robust_ri","Robust random intercept","370",9.48373343658066,8.74268337325683,-0.741050063323833,TRUE,,,"Perturbed"
"robust_rs","Robust random slope","370",10.1407243594468,9.45186690686622,-0.688857452580562,TRUE,,,"Perturbed"
"rs","Random slope / KR","371",9.32987193174147,9.61190042997294,0.282028498231472,TRUE,,,"Perturbed"
"ri","Random intercept / KR","371",9.32987193174144,9.61190042997289,0.282028498231449,TRUE,,,"Perturbed"
"cr2","OLS / CR2","371",9.32987193174151,9.61190042997292,0.28202849823141,TRUE,,,"Perturbed"
"cats","CATs","371",9.32987193174151,9.61190042997292,0.28202849823141,TRUE,,,"Perturbed"
"cats_trunc","Truncated CATs","371",9.32987193174151,9.61190042997292,0.28202849823141,TRUE,,,"Perturbed"
"cats_robust","Robust CATs: lmRob","371",10.2303964279918,10.8457008397224,0.615304411730609,TRUE,,,"Perturbed"
"cats_robustbase","Robust CATs: lmrob","371",9.92190486470107,9.90230268845851,-0.0196021762425573,TRUE,,,"Perturbed"
"robust_ri","Robust random intercept","371",9.48373343658066,9.59423461664658,0.110501180065919,TRUE,,,"Perturbed"
"robust_rs","Robust random slope","371",10.1407243594468,10.2369396233275,0.0962152638806923,TRUE,,,"Perturbed"
"rs","Random slope / KR","372",9.32987193174147,8.83090241745093,-0.498969514290534,TRUE,,,"Perturbed"
"ri","Random intercept / KR","372",9.32987193174144,8.83090241745083,-0.498969514290611,TRUE,,,"Perturbed"
"cr2","OLS / CR2","372",9.32987193174151,8.83090241745092,-0.498969514290591,TRUE,,,"Perturbed"
"cats","CATs","372",9.32987193174151,8.83090241745091,-0.498969514290593,TRUE,,,"Perturbed"
"cats_trunc","Truncated CATs","372",9.32987193174151,8.83090241745091,-0.498969514290593,TRUE,,,"Perturbed"
"cats_robust","Robust CATs: lmRob","372",10.2303964279918,10.2061213043788,-0.0242751236129397,TRUE,,,"Perturbed"
"cats_robustbase","Robust CATs: lmrob","372",9.92190486470107,9.87124411791568,-0.0506607467853879,TRUE,"Cluster 371: find_scale() did not converge in 'maxit.scale' (= 200) iterations with tol=1e-10, last rel.diff=0",,"Perturbed"
"robust_ri","Robust random intercept","372",9.48373343658066,9.15374972149246,-0.329983715088201,TRUE,,,"Perturbed"
"robust_rs","Robust random slope","372",10.1407243594468,9.89945763076934,-0.241266728677436,TRUE,,,"Perturbed"
