"method","method_label","setting","estimate","std_error","df","statistic","p_value","conf_low","conf_high","reject","cover","fit_available","inference_complete","convergence_code","convergence_code_zero","boundary_fit","estimated_random_intercept_sd","estimated_random_slope_sd","estimated_residual_sd","residual_weight_minimum","residual_weight_mean","residual_weight_prop_below_0_5","residual_weight_prop_below_0_8","residual_weight_count","random_effect_weight_minimum","random_effect_weight_mean","random_effect_weight_prop_below_0_5","random_effect_weight_prop_below_0_8","random_effect_weight_count","fit_warning","fit_message","fit_error","inference_warning","inference_message","inference_error","process_warning","process_message","process_error","variance_component_error","summary_column_names","fit_elapsed_sec","inference_elapsed_sec","process_elapsed_sec","total_elapsed_sec","condition_id","replicate","replicate_seed","n_clusters","cluster_size","random_slope_sd","contamination","contamination_label","beta","usable"
"rlmer_RSEa","Robust random slope (RSEa)","RSEa",-0.0926243900657553,0.0557494277453436,176.867591490883,-1.66144109117769,0.098396391016562,-0.202644066685443,0.0173952865539321,FALSE,TRUE,TRUE,TRUE,0,TRUE,TRUE,1.03391483799006,0,1.05493667047964,0.425912200252739,0.957963195843496,0.0125,0.09,400,0.796923762141635,0.989669792129685,0,0.05,20,,"boundary (singular) fit: see help('isSingular')",,,,,,,,,"Estimate | Std. Error | df | t value | Pr(>|t|)",5.35000000000001,8.77000000000001,0.269999999999996,14.39,"RMM011",1,561050143,10,40,0.05,"none","Clean",0,TRUE
"lmer_kr","Conventional random slope (KR)",,-0.0877585752153685,0.0554781269620996,8.31132931613072,-1.58185901400964,0.150926324829027,-0.214862005830371,0.0393448553996337,FALSE,TRUE,TRUE,TRUE,0,TRUE,TRUE,1.03740562477472,0,1.06148106068822,,,,,,,,,,,,"boundary (singular) fit: see help('isSingular')",,,,,,"boundary (singular) fit: see help('isSingular')",,,"Estimate | Std. Error | df | t value | Pr(>|t|)",0.140000000000001,0.25,0,0.390000000000001,"RMM011",1,561050143,10,40,0.05,"none","Clean",0,TRUE
"rlmer_RSEa","Robust random slope (RSEa)","RSEa",0.0212292003970701,0.0499285616768439,247.943518329465,0.425191507307448,0.6710658576405,-0.0771089889488722,0.119567389743012,FALSE,TRUE,TRUE,TRUE,0,TRUE,TRUE,1.10296351557819,0,0.970311774688553,0.450816441714037,0.961171469493438,0.0075,0.0825,400,0.694573042193664,0.982995684489869,0,0.05,20,,,,,,,,,,,"Estimate | Std. Error | df | t value | Pr(>|t|)",16.41,8.82999999999998,0.230000000000018,25.47,"RMM011",2,275491558,10,40,0.05,"none","Clean",0,TRUE
"lmer_kr","Conventional random slope (KR)",,-0.00343843896527481,0.0696704716422974,8.91863230570828,-0.0493528877331055,0.961725638739837,-0.161263453286515,0.154386575355965,FALSE,TRUE,TRUE,TRUE,0,TRUE,FALSE,1.08775601690115,0.158049591284656,0.956576925595253,,,,,,,,,,,,,,,,,,,,,"Estimate | Std. Error | df | t value | Pr(>|t|)",0.0999999999999943,0.25,0,0.349999999999994,"RMM011",2,275491558,10,40,0.05,"none","Clean",0,TRUE
"rlmer_RSEa","Robust random slope (RSEa)","RSEa",-0.0867888807983967,0.0562004324367979,584.867969580231,-1.54427425262249,0.123062785806386,-0.197168122176637,0.0235903605798438,FALSE,TRUE,TRUE,TRUE,0,TRUE,TRUE,0.63552705275262,0,1.04876983149878,0.425530552675943,0.961582192368359,0.0075,0.0875,400,0.7430707412342,0.986961711417424,0,0.05,20,,,,,,,,,,,"Estimate | Std. Error | df | t value | Pr(>|t|)",2.25,9.5,0.240000000000009,11.99,"RMM011",3,658591458,10,40,0.05,"none","Clean",0,TRUE
"lmer_kr","Conventional random slope (KR)",,-0.0847637002755672,0.0550171710877525,8.53479870783635,-1.5406771849532,0.159609190896166,-0.210262986419356,0.0407355858682221,FALSE,TRUE,TRUE,TRUE,0,TRUE,FALSE,0.614631095229484,0.00994284520801666,1.04170421130037,,,,,,,,,,,,,,,,,,,,,"Estimate | Std. Error | df | t value | Pr(>|t|)",0.129999999999995,0.25,0,0.379999999999995,"RMM011",3,658591458,10,40,0.05,"none","Clean",0,TRUE
"rlmer_RSEa","Robust random slope (RSEa)","RSEa",0.024413343781776,0.0496005754528154,425.657512428444,0.49219880130222,0.622832563865502,-0.0730792055968253,0.121905893160377,FALSE,TRUE,TRUE,TRUE,0,TRUE,TRUE,1.04599541125775,0,0.965957327265342,0.412755545485604,0.956961528608459,0.0175,0.0875,400,0.779282372129648,0.985579312727036,0,0.05,20,,,,,,,,,,,"Estimate | Std. Error | df | t value | Pr(>|t|)",6.84999999999999,8.81,0.25,15.91,"RMM011",4,835799753,10,40,0.05,"none","Clean",0,TRUE
"lmer_kr","Conventional random slope (KR)",,-0.00458762656706988,0.0593809887151216,8.7819447912857,-0.0772574971608989,0.940150183740357,-0.139426909991019,0.130251656856879,FALSE,TRUE,TRUE,TRUE,0,TRUE,FALSE,1.02626964632663,0.103828819560897,0.975297140976442,,,,,,,,,,,,,,,,,,,,,"Estimate | Std. Error | df | t value | Pr(>|t|)",0.109999999999985,0.25,0,0.359999999999985,"RMM011",4,835799753,10,40,0.05,"none","Clean",0,TRUE
"rlmer_RSEa","Robust random slope (RSEa)","RSEa",-0.0150786740358226,0.0542695188339756,383.566845523091,-0.277847940424019,0.781278790544954,-0.121781664288282,0.0916243162166367,FALSE,TRUE,TRUE,TRUE,0,TRUE,TRUE,1.09332896775911,0,1.0194121810211,0.475360771049121,0.959746961473578,0.0075,0.09,400,0.837018565221864,0.983193355631107,0,0,20,,,,,,,,,,,"Estimate | Std. Error | df | t value | Pr(>|t|)",6.72999999999999,8.81,0.27000000000001,15.81,"RMM011",5,731039463,10,40,0.05,"none","Clean",0,TRUE
"lmer_kr","Conventional random slope (KR)",,-0.0214587387699974,0.0594744488406596,8.6780683631438,-0.360806013141684,0.726870814036534,-0.156763963329842,0.113846485789848,FALSE,TRUE,TRUE,TRUE,0,TRUE,FALSE,1.06169309514153,0.084246848328836,1.01289135760061,,,,,,,,,,,,,,,,,,,,,"Estimate | Std. Error | df | t value | Pr(>|t|)",0.110000000000014,0.280000000000001,0,0.390000000000015,"RMM011",5,731039463,10,40,0.05,"none","Clean",0,TRUE
"rlmer_RSEa","Robust random slope (RSEa)","RSEa",-0.0937557716882368,0.0668239726763216,167.948920407966,-1.40302600897983,0.162455078681095,-0.225678960041646,0.0381674166651725,FALSE,TRUE,TRUE,TRUE,0,TRUE,TRUE,1.01658416756483,0,1.26459047978579,0.202737787262177,0.941948000216675,0.0525,0.105,400,0.810433949772924,0.989122603331234,0,0,20,,,,,,,,,,,"Estimate | Std. Error | df | t value | Pr(>|t|)",6.74000000000001,10.02,0.269999999999982,17.03,"RMM013",1,561050143,10,40,0.05,"vertical","Vertical outliers",0,TRUE
"lmer_kr","Conventional random slope (KR)",,-0.129915550013575,0.0936170344159665,8.4233847433114,-1.38773408946414,0.200824348711742,-0.343922587129752,0.0840914871026025,FALSE,TRUE,TRUE,TRUE,0,TRUE,FALSE,0.928869344693954,0.0822238184553129,1.71901342973007,,,,,,,,,,,,,,,,,,,,,"Estimate | Std. Error | df | t value | Pr(>|t|)",0.129999999999995,0.289999999999992,0,0.419999999999987,"RMM013",1,561050143,10,40,0.05,"vertical","Vertical outliers",0,TRUE
"rlmer_RSEa","Robust random slope (RSEa)","RSEa",-0.0391200643424238,0.0601478011658301,286.236487587298,-0.650398910420152,0.515956273568969,-0.157508160056668,0.0792680313718205,FALSE,TRUE,TRUE,TRUE,0,TRUE,TRUE,1.13540889320175,0,1.16894621115149,0.21765694338546,0.943645551755068,0.05,0.0975,400,0.727544246087447,0.982931869679906,0,0.05,20,,"boundary (singular) fit: see help('isSingular')",,,,,,,,,"Estimate | Std. Error | df | t value | Pr(>|t|)",2.64000000000001,9.58000000000001,0.25,12.47,"RMM013",2,275491558,10,40,0.05,"vertical","Vertical outliers",0,TRUE
"lmer_kr","Conventional random slope (KR)",,-0.16715288019071,0.0839610209501169,8.61531309544932,-1.990839061974,0.0791108467796034,-0.358386575665624,0.0240808152842047,FALSE,TRUE,TRUE,TRUE,0,TRUE,TRUE,1.16740350561268,3.42633351543177e-05,1.65999889122921,,,,,,,,,,,,"boundary (singular) fit: see help('isSingular')",,,,,,"boundary (singular) fit: see help('isSingular')",,,"Estimate | Std. Error | df | t value | Pr(>|t|)",0.159999999999997,0.280000000000001,0,0.439999999999998,"RMM013",2,275491558,10,40,0.05,"vertical","Vertical outliers",0,TRUE
"rlmer_RSEa","Robust random slope (RSEa)","RSEa",-0.124135861701169,0.0666631118802543,649.558431177145,-1.86213721801874,0.0630350877812008,-0.255037068941632,0.00676534553929495,FALSE,TRUE,TRUE,TRUE,0,TRUE,TRUE,0.619123176805201,0,1.24457332292694,0.221438528023627,0.944822886513647,0.05,0.0925,400,0.780965344647208,0.985787328736438,0,0.05,20,,,,,,,,,,,"Estimate | Std. Error | df | t value | Pr(>|t|)",6.95000000000002,10.44,0.260000000000019,17.65,"RMM013",3,658591458,10,40,0.05,"vertical","Vertical outliers",0,TRUE
"lmer_kr","Conventional random slope (KR)",,-0.228082714465515,0.110922704645722,8.78137825438392,-2.0562310952838,0.0706780949015353,-0.479962811579976,0.023797382648945,FALSE,TRUE,TRUE,TRUE,0,TRUE,FALSE,0.621963922948111,0.202699795090536,1.71097088836933,,,,,,,,,,,,,,,,,,,,,"Estimate | Std. Error | df | t value | Pr(>|t|)",0.120000000000005,0.300000000000011,0,0.420000000000016,"RMM013",3,658591458,10,40,0.05,"vertical","Vertical outliers",0,TRUE
"rlmer_RSEa","Robust random slope (RSEa)","RSEa",0.0550434464710221,0.0598749074721323,331.943839754625,0.919307415992937,0.358602340192284,-0.0627386559390069,0.172825548881051,FALSE,TRUE,TRUE,TRUE,0,TRUE,TRUE,1.04556929319862,0,1.16616416616452,0.19885591176477,0.940857933855774,0.0525,0.0975,400,0.816316429191921,0.986820091883404,0,0,20,,"boundary (singular) fit: see help('isSingular')",,,,,,,,,"Estimate | Std. Error | df | t value | Pr(>|t|)",8.80999999999997,9.97000000000003,0.25,19.03,"RMM013",4,835799753,10,40,0.05,"vertical","Vertical outliers",0,TRUE
"lmer_kr","Conventional random slope (KR)",,0.12654369158119,0.0873972382807258,8.46724052531573,1.4479140768124,0.183634284947909,-0.0730751972204228,0.326162580382804,FALSE,TRUE,TRUE,TRUE,0,TRUE,TRUE,0.988868784438755,0,1.72424687690516,,,,,,,,,,,,"boundary (singular) fit: see help('isSingular')",,,,,,"boundary (singular) fit: see help('isSingular')",,,"Estimate | Std. Error | df | t value | Pr(>|t|)",0.140000000000043,0.269999999999982,0,0.410000000000025,"RMM013",4,835799753,10,40,0.05,"vertical","Vertical outliers",0,TRUE
"rlmer_RSEa","Robust random slope (RSEa)","RSEa",-0.0151603738185923,0.0647237063072203,347.575161367224,-0.234232164434951,0.814942656484229,-0.14245977571098,0.112139028073796,FALSE,TRUE,TRUE,TRUE,0,TRUE,TRUE,1.03702669077854,0,1.21594783101949,0.207513409553069,0.944275545280391,0.05,0.0925,400,0.829845321157253,0.984177687831872,0,0,20,,,,,,,,,,,"Estimate | Std. Error | df | t value | Pr(>|t|)",6.31999999999999,9.69,0.25,16.26,"RMM013",5,731039463,10,40,0.05,"vertical","Vertical outliers",0,TRUE
"lmer_kr","Conventional random slope (KR)",,-0.0135255035064092,0.100119328246902,8.68073632182794,-0.135093829965122,0.895618114774273,-0.241287296186248,0.21423628917343,FALSE,TRUE,TRUE,TRUE,0,TRUE,FALSE,0.914721415037742,0.144200986412228,1.69825071290457,,,,,,,,,,,,,,,,,,,,,"Estimate | Std. Error | df | t value | Pr(>|t|)",0.110000000000014,0.25,0,0.360000000000014,"RMM013",5,731039463,10,40,0.05,"vertical","Vertical outliers",0,TRUE
"rlmer_RSEa","Robust random slope (RSEa)","RSEa",-0.112843273924236,0.0561237784439768,174.019531280987,-2.01061434302534,0.0459102255097392,-0.223614207941724,-0.00207233990674872,TRUE,FALSE,TRUE,TRUE,0,TRUE,TRUE,1.03434084287434,0,1.06202247910132,0.432521870395414,0.957825429685572,0.0125,0.0875,400,0.798288635459838,0.9897540264282,0,0.05,20,,,,,,,,,,,"Estimate | Std. Error | df | t value | Pr(>|t|)",8.28000000000003,9.36000000000001,0.25,17.89,"RMM015",1,561050143,10,40,0.1,"none","Clean",0,TRUE
"lmer_kr","Conventional random slope (KR)",,-0.105298839590267,0.064191109602411,8.61427067508771,-1.64039600253789,0.136853440010489,-0.251506458165414,0.0409087789848805,FALSE,TRUE,TRUE,TRUE,0,TRUE,FALSE,1.03778051212618,0.100032627867581,1.06500399693354,,,,,,,,,,,,,,,,,,,,,"Estimate | Std. Error | df | t value | Pr(>|t|)",0.110000000000014,0.300000000000011,0,0.410000000000025,"RMM015",1,561050143,10,40,0.1,"none","Clean",0,TRUE
"rlmer_RSEa","Robust random slope (RSEa)","RSEa",0.0196478257386983,0.0621468795217906,4.35041562351373,0.316151444608079,0.766482238145264,-0.147554181184301,0.186849832661697,FALSE,TRUE,TRUE,TRUE,0,TRUE,FALSE,1.10226446913357,0.114070847245111,0.965023863038847,0.448888602982979,0.96179447437876,0.0075,0.08,400,0.695398496272027,0.982942560520162,0,0.05,20,,,,,,,,,,,"Estimate | Std. Error | df | t value | Pr(>|t|)",14.15,14.3,0.329999999999984,28.78,"RMM015",2,275491558,10,40,0.1,"none","Clean",0,TRUE
"lmer_kr","Conventional random slope (KR)",,0.00023209205615607,0.0727264284120895,8.9319307294442,0.00319130282104557,0.997523851926758,-0.164477837744763,0.164942021857075,FALSE,TRUE,TRUE,TRUE,0,TRUE,FALSE,1.08879356957698,0.171236625339832,0.956504395409059,,,,,,,,,,,,,,,,,,,,,"Estimate | Std. Error | df | t value | Pr(>|t|)",0.110000000000014,0.269999999999982,0,0.379999999999995,"RMM015",2,275491558,10,40,0.1,"none","Clean",0,TRUE
"rlmer_RSEa","Robust random slope (RSEa)","RSEa",-0.073746599526472,0.0564569770620811,578.202359224735,-1.30624421221453,0.191988904004517,-0.18463235252401,0.0371391534710658,FALSE,TRUE,TRUE,TRUE,0,TRUE,TRUE,0.631177797769055,0,1.0535805055455,0.428902364220579,0.961669013580248,0.0075,0.085,400,0.735625553677837,0.986641964544617,0,0.05,20,,,,,,,,,,,"Estimate | Std. Error | df | t value | Pr(>|t|)",7.21999999999997,10.31,0.25,17.78,"RMM015",3,658591458,10,40,0.1,"none","Clean",0,TRUE
"lmer_kr","Conventional random slope (KR)",,-0.0718849231910241,0.0663274993338244,8.76755117831926,-1.083787628254,0.307361178540208,-0.222536735317354,0.0787668889353063,FALSE,TRUE,TRUE,TRUE,0,TRUE,FALSE,0.61293591917586,0.116655723437508,1.04132528986104,,,,,,,,,,,,,,,,,,,,,"Estimate | Std. Error | df | t value | Pr(>|t|)",0.109999999999957,0.25,0,0.359999999999957,"RMM015",3,658591458,10,40,0.1,"none","Clean",0,TRUE
"rlmer_RSEa","Robust random slope (RSEa)","RSEa",0.0493035051027388,0.0497185308175913,436.658528119974,0.991652494391374,0.321916256362859,-0.0484138721880107,0.147020882393488,FALSE,TRUE,TRUE,TRUE,0,TRUE,TRUE,1.04837542727151,0,0.968254518890293,0.430808168183492,0.957173182743734,0.0175,0.09,400,0.781718753350836,0.98543007977887,0,0.05,20,,,,,,,,,,,"Estimate | Std. Error | df | t value | Pr(>|t|)",10.46,9.43000000000001,0.28000000000003,20.17,"RMM015",4,835799753,10,40,0.1,"none","Clean",0,TRUE
"lmer_kr","Conventional random slope (KR)",,0.0179652655234478,0.0638278912289445,8.84341374638268,0.281464187168712,0.784829294939413,-0.126814117529225,0.16274464857612,FALSE,TRUE,TRUE,TRUE,0,TRUE,FALSE,1.02645702749049,0.127448006892114,0.975194951260223,,,,,,,,,,,,,,,,,,,,,"Estimate | Std. Error | df | t value | Pr(>|t|)",0.110000000000014,0.25,0,0.360000000000014,"RMM015",4,835799753,10,40,0.1,"none","Clean",0,TRUE
"rlmer_RSEa","Robust random slope (RSEa)","RSEa",-0.0309454127677943,0.0771553682262406,5.79643747443592,-0.401079192274138,0.702727119235516,-0.221356662145158,0.15946583660957,FALSE,TRUE,TRUE,TRUE,0,TRUE,FALSE,1.09045475988635,0.167878053129761,1.01525404858749,0.473132349880381,0.959833532308525,0.0075,0.09,400,0.835631197165504,0.975092515423096,0,0,20,,,,,,,,,,,"Estimate | Std. Error | df | t value | Pr(>|t|)",4.31,14.27,0.329999999999984,18.91,"RMM015",5,731039463,10,40,0.1,"none","Clean",0,TRUE
"lmer_kr","Conventional random slope (KR)",,-0.0323584447555801,0.0745125384866706,8.85024103501326,-0.43426845216619,0.674488140758494,-0.201353307437179,0.136636417926019,FALSE,TRUE,TRUE,TRUE,0,TRUE,FALSE,1.06066210141172,0.16409593949653,1.01363334656017,,,,,,,,,,,,,,,,,,,,,"Estimate | Std. Error | df | t value | Pr(>|t|)",0.140000000000043,0.269999999999982,0,0.410000000000025,"RMM015",5,731039463,10,40,0.1,"none","Clean",0,TRUE
"rlmer_RSEa","Robust random slope (RSEa)","RSEa",-0.113813953089858,0.0673399777543803,169.776729255577,-1.6901394518571,0.0928365399647658,-0.246745447499328,0.0191175413196123,FALSE,TRUE,TRUE,TRUE,0,TRUE,TRUE,1.01789452114916,0,1.27435907765876,0.205256784786004,0.941755670968926,0.05,0.1075,400,0.811546136017725,0.989226253325389,0,0,20,,,,,,,,,,,"Estimate | Std. Error | df | t value | Pr(>|t|)",10.73,10.18,0.289999999999964,21.1999999999999,"RMM017",1,561050143,10,40,0.1,"vertical","Vertical outliers",0,TRUE
"lmer_kr","Conventional random slope (KR)",,-0.15072851406115,0.10416614486797,8.62758683721797,-1.44700098340202,0.18323354775888,-0.387928355704954,0.0864713275826547,FALSE,TRUE,TRUE,TRUE,0,TRUE,FALSE,0.930218682601694,0.165002659647437,1.71897115320956,,,,,,,,,,,,,,,,,,,,,"Estimate | Std. Error | df | t value | Pr(>|t|)",0.109999999999957,0.269999999999982,0,0.379999999999939,"RMM017",1,561050143,10,40,0.1,"vertical","Vertical outliers",0,TRUE
"rlmer_RSEa","Robust random slope (RSEa)","RSEa",-0.0351151764067297,0.0602394859055677,298.595293521136,-0.582926229844935,0.560382929065405,-0.153662900938017,0.0834325481245572,FALSE,TRUE,TRUE,TRUE,0,TRUE,TRUE,1.13764379940793,0,1.1707279538349,0.218197774420118,0.943663827084671,0.05,0.0975,400,0.728957940587419,0.98302451140885,0,0.05,20,,,,,,,,,,,"Estimate | Std. Error | df | t value | Pr(>|t|)",9.06999999999999,9.79000000000002,0.269999999999982,19.13,"RMM017",2,275491558,10,40,0.1,"vertical","Vertical outliers",0,TRUE
"lmer_kr","Conventional random slope (KR)",,-0.162756744690719,0.0897089148469797,8.71249019147564,-1.81427615046219,0.104131651728337,-0.366717844822893,0.0412043554414551,FALSE,TRUE,TRUE,TRUE,0,TRUE,FALSE,1.16770301692724,0.0993771892036033,1.66015428553321,,,,,,,,,,,,,,,,,,,,,"Estimate | Std. Error | df | t value | Pr(>|t|)",0.110000000000014,0.300000000000011,0,0.410000000000025,"RMM017",2,275491558,10,40,0.1,"vertical","Vertical outliers",0,TRUE
"rlmer_RSEa","Robust random slope (RSEa)","RSEa",-0.107442561970324,0.0670474330563959,615.680698209625,-1.60248583834597,0.109561102333876,-0.239111955572193,0.0242268316315461,FALSE,TRUE,TRUE,TRUE,0,TRUE,TRUE,0.613211334216743,0,1.25180035032851,0.222332496762553,0.944810947790109,0.05,0.0925,400,0.773571366490928,0.985569689801988,0,0.05,20,,,,,,,,,,,"Estimate | Std. Error | df | t value | Pr(>|t|)",11.67,10.68,0.259999999999991,22.61,"RMM017",3,658591458,10,40,0.1,"vertical","Vertical outliers",0,TRUE
"lmer_kr","Conventional random slope (KR)",,-0.21577665070744,0.11892191690624,8.83122422466919,-1.81443972920115,0.103643133326393,-0.48558247871309,0.0540291772982106,FALSE,TRUE,TRUE,TRUE,0,TRUE,FALSE,0.620179108505991,0.243420465552477,1.71135406312598,,,,,,,,,,,,,,,,,,,,,"Estimate | Std. Error | df | t value | Pr(>|t|)",0.120000000000005,0.259999999999991,0,0.379999999999995,"RMM017",3,658591458,10,40,0.1,"vertical","Vertical outliers",0,TRUE
"rlmer_RSEa","Robust random slope (RSEa)","RSEa",0.0786885321408431,0.0599845301173779,330.110988614126,1.3118137624295,0.190494518671014,-0.0393116102915956,0.196688674573282,FALSE,TRUE,TRUE,TRUE,0,TRUE,TRUE,1.04721872415546,0,1.16829943795176,0.198525499837281,0.94107281725063,0.05,0.0975,400,0.818643495153442,0.986716324484563,0,0,20,,,,,,,,,,,"Estimate | Std. Error | df | t value | Pr(>|t|)",3.44999999999999,9.42000000000002,0.300000000000011,13.17,"RMM017",4,835799753,10,40,0.1,"vertical","Vertical outliers",0,TRUE
"lmer_kr","Conventional random slope (KR)",,0.15094288653147,0.0886175124096357,8.50069816274573,1.70330764684225,0.12468945100178,-0.0513331806385247,0.353218953701465,FALSE,TRUE,TRUE,TRUE,0,TRUE,FALSE,0.988986760741487,0.0441886088712952,1.72649521054797,,,,,,,,,,,,,,,,,,,,,"Estimate | Std. Error | df | t value | Pr(>|t|)",0.120000000000005,0.300000000000011,0,0.420000000000016,"RMM017",4,835799753,10,40,0.1,"vertical","Vertical outliers",0,TRUE
"rlmer_RSEa","Robust random slope (RSEa)","RSEa",-0.0246017102100653,0.0774899955237289,1.65113897014016,-0.317482405874339,0.786423349520886,-0.435515388423078,0.386311968002948,FALSE,TRUE,TRUE,TRUE,0,TRUE,FALSE,1.03649223167288,0.128890261330639,1.21796260558772,0.208119605492163,0.944347727835834,0.05,0.095,400,0.830110573567365,0.984024229548317,0,0,20,,,,,,,,,,,"Estimate | Std. Error | df | t value | Pr(>|t|)",16.78,13.86,0.329999999999984,30.97,"RMM017",5,731039463,10,40,0.1,"vertical","Vertical outliers",0,TRUE
"lmer_kr","Conventional random slope (KR)",,-0.0211229368491038,0.112245856412568,8.78231646844819,-0.188184557757436,0.855008232725313,-0.276003342366006,0.233757468667799,FALSE,TRUE,TRUE,TRUE,0,TRUE,FALSE,0.914636470279204,0.21460582390073,1.69891885406937,,,,,,,,,,,,,,,,,,,,,"Estimate | Std. Error | df | t value | Pr(>|t|)",0.129999999999995,0.259999999999991,0,0.389999999999986,"RMM017",5,731039463,10,40,0.1,"vertical","Vertical outliers",0,TRUE
"rlmer_RSEa","Robust random slope (RSEa)","RSEa",-0.0376983547827915,0.039088513489284,688.468728911812,-0.964435621045716,0.335166201596359,-0.114445354616641,0.0390486450510582,FALSE,TRUE,TRUE,TRUE,0,TRUE,TRUE,0.892288155794554,0,1.02809845256502,0.423505548797513,0.959248012705708,0.0075,0.09,800,0.696346484935511,0.97744183901857,0,0.075,40,,,,,,,,,,,"Estimate | Std. Error | df | t value | Pr(>|t|)",10.45,24.29,0.5,35.24,"RMM019",1,493606906,20,40,0.05,"none","Clean",0,TRUE
"lmer_kr","Conventional random slope (KR)",,-0.0362206644413338,0.041705026621079,18.4579801036036,-0.86849637503952,0.396275020034188,-0.123684101932806,0.051242773050138,FALSE,TRUE,TRUE,TRUE,0,TRUE,FALSE,0.878082680968229,0.0742484150558914,1.02564397370207,,,,,,,,,,,,,,,,,,,,,"Estimate | Std. Error | df | t value | Pr(>|t|)",0.139999999999986,0.389999999999986,0,0.529999999999973,"RMM019",1,493606906,20,40,0.05,"none","Clean",0,TRUE
"rlmer_RSEa","Robust random slope (RSEa)","RSEa",-0.0138069908004488,0.0358973309165588,732.246873748595,-0.384624439976953,0.700627362576983,-0.0842809528605381,0.0566669712596406,FALSE,TRUE,TRUE,TRUE,0,TRUE,TRUE,0.831685057317642,0,1.03827661985752,0.394768908801121,0.960189618328183,0.00875,0.09375,800,0.722643834397972,0.985430208256873,0,0.05,40,,,,,,,,,,,"Estimate | Std. Error | df | t value | Pr(>|t|)",10.9699999999999,22.71,0.5,34.1799999999999,"RMM019",2,386603050,20,40,0.05,"none","Clean",0,TRUE
"lmer_kr","Conventional random slope (KR)",,-0.0151134887974912,0.0390899077452702,18.4118776938299,-0.386634035976201,0.703459240501343,-0.0971068492638194,0.0668798716688371,FALSE,TRUE,TRUE,TRUE,0,TRUE,FALSE,0.805065616967761,0.0763829800201331,1.03458459142622,,,,,,,,,,,,,,,,,,,,,"Estimate | Std. Error | df | t value | Pr(>|t|)",0.120000000000005,0.370000000000005,0,0.490000000000009,"RMM019",2,386603050,20,40,0.05,"none","Clean",0,TRUE
"rlmer_RSEa","Robust random slope (RSEa)","RSEa",0.0220977959441391,0.0370411696477757,949.306408004404,0.596573924480975,0.550934119329129,-0.0505942427424212,0.0947898346306994,FALSE,TRUE,TRUE,TRUE,0,TRUE,TRUE,0.901378715479804,0,0.987553930972557,0.384214638661347,0.960684300105712,0.00625,0.0925,800,0.474114698445616,0.971080367161982,0.025,0.075,40,,,,,,,,,,,"Estimate | Std. Error | df | t value | Pr(>|t|)",23.9100000000001,20.7299999999999,0.530000000000086,45.1700000000001,"RMM019",3,60044151,20,40,0.05,"none","Clean",0,TRUE
"lmer_kr","Conventional random slope (KR)",,0.0332909351196149,0.0457636641427915,18.578656832111,0.727453444631111,0.476016381218894,-0.0626407533895021,0.129222623628732,FALSE,TRUE,TRUE,TRUE,0,TRUE,FALSE,0.944401575818829,0.125748067899489,0.974814731833097,,,,,,,,,,,,,,,,,,,,,"Estimate | Std. Error | df | t value | Pr(>|t|)",0.139999999999986,0.340000000000032,0,0.480000000000018,"RMM019",3,60044151,20,40,0.05,"none","Clean",0,TRUE
"rlmer_RSEa","Robust random slope (RSEa)","RSEa",-0.0103554897223094,0.0368318729387898,1182.68825126191,-0.281155664810177,0.778640187383664,-0.0826185870093181,0.0619076075646993,FALSE,TRUE,TRUE,TRUE,0,TRUE,TRUE,1.25813136123485,0,0.972356747992535,0.440054649875441,0.961532134688676,0.005,0.08375,800,0.808725921580139,0.987733520278232,0,0,40,,"boundary (singular) fit: see help('isSingular')",,,,,,,,,"Estimate | Std. Error | df | t value | Pr(>|t|)",12.52,19.6,0.519999999999982,32.64,"RMM019",4,1335545557,20,40,0.05,"none","Clean",0,TRUE
"lmer_kr","Conventional random slope (KR)",,-0.0107179046643986,0.0356763858588991,18.4461119165528,-0.300420135234219,0.767216276193423,-0.0855414864047346,0.0641056770759373,FALSE,TRUE,TRUE,TRUE,0,TRUE,TRUE,1.2394572066585,0,0.963482784086397,,,,,,,,,,,,"boundary (singular) fit: see help('isSingular')",,,,,,"boundary (singular) fit: see help('isSingular')",,,"Estimate | Std. Error | df | t value | Pr(>|t|)",0.139999999999986,0.330000000000041,0,0.470000000000027,"RMM019",4,1335545557,20,40,0.05,"none","Clean",0,TRUE
"rlmer_RSEa","Robust random slope (RSEa)","RSEa",0.0102356561790428,0.0395211618407834,982.748450735671,0.25899178319399,0.795695817315289,-0.0673199139872297,0.0877912263453152,FALSE,TRUE,TRUE,TRUE,0,TRUE,TRUE,1.37513004871044,0,1.05956658930722,0.344378170136675,0.960993179122978,0.00375,0.08875,800,0.646707334122334,0.982057965125928,0,0.025,40,,"boundary (singular) fit: see help('isSingular')",,,,,,,,,"Estimate | Std. Error | df | t value | Pr(>|t|)",11.03,19.5,0.509999999999991,31.04,"RMM019",5,516863982,20,40,0.05,"none","Clean",0,TRUE
"lmer_kr","Conventional random slope (KR)",,0.00342955610030023,0.0387005979270338,17.8166216555139,0.088617651509321,0.930374293364847,-0.0779374099275357,0.0847965221281362,FALSE,TRUE,TRUE,TRUE,0,TRUE,TRUE,1.34856995905365,0,1.05770752597201,,,,,,,,,,,,"boundary (singular) fit: see help('isSingular')",,,,,,"boundary (singular) fit: see help('isSingular')",,,"Estimate | Std. Error | df | t value | Pr(>|t|)",0.129999999999995,0.399999999999977,0,0.529999999999973,"RMM019",5,516863982,20,40,0.05,"none","Clean",0,TRUE
"rlmer_RSEa","Robust random slope (RSEa)","RSEa",-0.0303500539232754,0.0467985395641732,625.197327737347,-0.648525663533954,0.516883141900623,-0.122251418483998,0.0615513106374473,FALSE,TRUE,TRUE,TRUE,0,TRUE,TRUE,0.89442628757821,0,1.23111160498879,0.208666837637431,0.943590886189572,0.05125,0.1,800,0.700282246079607,0.979044585571372,0,0.075,40,,,,,,,,,,,"Estimate | Std. Error | df | t value | Pr(>|t|)",11.7,22.99,0.529999999999973,35.22,"RMM021",1,493606906,20,40,0.05,"vertical","Vertical outliers",0,TRUE
"lmer_kr","Conventional random slope (KR)",,0.0108886275397801,0.0724851494971254,18.5519329673226,0.150218736048987,0.882213226408036,-0.141072917570984,0.162850172650545,FALSE,TRUE,TRUE,TRUE,0,TRUE,FALSE,0.863963803376614,0.155002388939476,1.70603593696392,,,,,,,,,,,,,,,,,,,,,"Estimate | Std. Error | df | t value | Pr(>|t|)",0.129999999999995,0.329999999999927,0,0.459999999999923,"RMM021",1,493606906,20,40,0.05,"vertical","Vertical outliers",0,TRUE
"rlmer_RSEa","Robust random slope (RSEa)","RSEa",-0.0259310685744935,0.0427970243734629,771.891118832976,-0.605908213342342,0.544753829055931,-0.109943427075156,0.0580812899261691,FALSE,TRUE,TRUE,TRUE,0,TRUE,TRUE,0.80204421747828,0,1.23803636347117,0.203683491846986,0.945067187096044,0.05125,0.09,800,0.740193579367378,0.98753740424443,0,0.025,40,,"boundary (singular) fit: see help('isSingular')",,,,,,,,,"Estimate | Std. Error | df | t value | Pr(>|t|)",13.22,22.86,0.529999999999973,36.61,"RMM021",2,386603050,20,40,0.05,"vertical","Vertical outliers",0,TRUE
"lmer_kr","Conventional random slope (KR)",,-0.0263117405367417,0.0567225809208522,18.0555688271839,-0.46386712504242,0.648286460546981,-0.145455176994989,0.0928316959215058,FALSE,TRUE,TRUE,TRUE,0,TRUE,TRUE,0.78785977602408,0,1.67423993895034,,,,,,,,,,,,"boundary (singular) fit: see help('isSingular')",,,,,,"boundary (singular) fit: see help('isSingular')",,,"Estimate | Std. Error | df | t value | Pr(>|t|)",0.120000000000005,0.360000000000014,0,0.480000000000018,"RMM021",2,386603050,20,40,0.05,"vertical","Vertical outliers",0,TRUE
"rlmer_RSEa","Robust random slope (RSEa)","RSEa",0.0493168866946444,0.0441135044560128,962.860706188532,1.11795440654279,0.263865318504721,-0.0372528134060308,0.13588658679532,FALSE,TRUE,TRUE,TRUE,0,TRUE,TRUE,0.871080856045249,0,1.17630370765768,0.203059492497529,0.946265321624101,0.0525,0.0825,800,0.46730146188775,0.969985600867392,0.025,0.075,40,,,,,,,,,,,"Estimate | Std. Error | df | t value | Pr(>|t|)",11.5799999999999,22.33,0.529999999999973,34.4399999999999,"RMM021",3,60044151,20,40,0.05,"vertical","Vertical outliers",0,TRUE
"lmer_kr","Conventional random slope (KR)",,0.122178603439814,0.0642949370003054,18.1995364467321,1.90028343039256,0.0733567834689526,-0.0127939692003377,0.257151176079965,FALSE,TRUE,TRUE,TRUE,0,TRUE,FALSE,0.921290455117691,0.100194885538207,1.63650739284739,,,,,,,,,,,,,,,,,,,,,"Estimate | Std. Error | df | t value | Pr(>|t|)",0.139999999999986,0.400000000000091,0,0.540000000000077,"RMM021",3,60044151,20,40,0.05,"vertical","Vertical outliers",0,TRUE
"rlmer_RSEa","Robust random slope (RSEa)","RSEa",-0.00956006372088213,0.0432003010255194,1080.74277645303,-0.221296229284022,0.824903588990098,-0.094326028626857,0.0752059011850928,FALSE,TRUE,TRUE,TRUE,0,TRUE,TRUE,1.25660446289105,0,1.14056086836049,0.170092835882449,0.944999159968976,0.05,0.08875,800,0.851347741017323,0.989244695181388,0,0,40,,"boundary (singular) fit: see help('isSingular')",,,,,,,,,"Estimate | Std. Error | df | t value | Pr(>|t|)",12.1400000000001,20.89,0.519999999999982,33.5500000000001,"RMM021",4,1335545557,20,40,0.05,"vertical","Vertical outliers",0,TRUE
"lmer_kr","Conventional random slope (KR)",,-0.039024662939102,0.0618933153906494,18.4460667060259,-0.630514986841336,0.53609179402163,-0.168832664073288,0.0907833381950837,FALSE,TRUE,TRUE,TRUE,0,TRUE,TRUE,1.20018999805329,0,1.67203335863677,,,,,,,,,,,,"boundary (singular) fit: see help('isSingular')",,,,,,"boundary (singular) fit: see help('isSingular')",,,"Estimate | Std. Error | df | t value | Pr(>|t|)",0.139999999999986,0.389999999999986,0,0.529999999999973,"RMM021",4,1335545557,20,40,0.05,"vertical","Vertical outliers",0,TRUE
"rlmer_RSEa","Robust random slope (RSEa)","RSEa",-0.0024150703996666,0.0468994362772435,942.571667623512,-0.0514946573214662,0.958942269537863,-0.0944544623792557,0.0896243215799225,FALSE,TRUE,TRUE,TRUE,0,TRUE,TRUE,1.36454271854077,0,1.25748327232001,0.215620820548223,0.946181571271218,0.05375,0.085,800,0.648385232805668,0.98201823219378,0,0.025,40,,"boundary (singular) fit: see help('isSingular')",,,,,,,,,"Estimate | Std. Error | df | t value | Pr(>|t|)",10.14,21.25,0.530000000000086,31.9200000000001,"RMM021",5,516863982,20,40,0.05,"vertical","Vertical outliers",0,TRUE
"lmer_kr","Conventional random slope (KR)",,-0.0117459056453446,0.0628154499249534,17.8176069442505,-0.186990711033314,0.853780643634372,-0.143813170052416,0.120321358761727,FALSE,TRUE,TRUE,TRUE,0,TRUE,TRUE,1.35400522477324,0,1.71722831396146,,,,,,,,,,,,"boundary (singular) fit: see help('isSingular')",,,,,,"boundary (singular) fit: see help('isSingular')",,,"Estimate | Std. Error | df | t value | Pr(>|t|)",0.129999999999995,0.360000000000014,0,0.490000000000009,"RMM021",5,516863982,20,40,0.05,"vertical","Vertical outliers",0,TRUE
"rlmer_RSEa","Robust random slope (RSEa)","RSEa",-0.0539262614073743,0.0392112203232798,689.661926969521,-1.37527628476684,0.169492360437564,-0.130913951194701,0.0230614283799522,FALSE,TRUE,TRUE,TRUE,0,TRUE,TRUE,0.891877568240195,0,1.03132910262699,0.422473001931588,0.95932517175027,0.0075,0.0875,800,0.695620671472433,0.977453016021082,0,0.075,40,,,,,,,,,,,"Estimate | Std. Error | df | t value | Pr(>|t|)",13.37,21.16,0.540000000000077,35.0700000000001,"RMM023",1,493606906,20,40,0.1,"none","Clean",0,TRUE
"lmer_kr","Conventional random slope (KR)",,-0.0526309498299737,0.0458183593024388,18.6253081276761,-1.14868691570919,0.265224026761347,-0.148660621114928,0.04339872145498,FALSE,TRUE,TRUE,TRUE,0,TRUE,FALSE,0.878519620771531,0.112209341418867,1.02573303524215,,,,,,,,,,,,,,,,,,,,,"Estimate | Std. Error | df | t value | Pr(>|t|)",0.139999999999986,0.340000000000032,0,0.480000000000018,"RMM023",1,493606906,20,40,0.1,"none","Clean",0,TRUE
"rlmer_RSEa","Robust random slope (RSEa)","RSEa",-0.0119488159091175,0.0360109827130826,755.036440173411,-0.331810325875294,0.740124569258693,-0.0826423675483389,0.0587447357301038,FALSE,TRUE,TRUE,TRUE,0,TRUE,TRUE,0.829366605524585,0,1.04156764632689,0.393800811038627,0.960224946714691,0.00875,0.09375,800,0.720393344304744,0.985331632671113,0,0.05,40,,,,,,,,,,,"Estimate | Std. Error | df | t value | Pr(>|t|)",17.5,23.08,0.529999999999973,41.11,"RMM023",2,386603050,20,40,0.1,"none","Clean",0,TRUE
"lmer_kr","Conventional random slope (KR)",,-0.0148329857859255,0.0425328113204117,18.5903998253006,-0.348742190451141,0.73120144018206,-0.103988123385855,0.0743221518140037,FALSE,TRUE,TRUE,TRUE,0,TRUE,FALSE,0.805874674919238,0.106683154481417,1.03427773225957,,,,,,,,,,,,,,,,,,,,,"Estimate | Std. Error | df | t value | Pr(>|t|)",0.129999999999995,0.360000000000014,0,0.490000000000009,"RMM023",2,386603050,20,40,0.1,"none","Clean",0,TRUE
"rlmer_RSEa","Robust random slope (RSEa)","RSEa",0.0171596531715677,0.0371109945040149,971.363137464553,0.46238731677512,0.643907145106237,-0.0556673033862716,0.089986609729407,FALSE,TRUE,TRUE,TRUE,0,TRUE,TRUE,0.90196670268528,0,0.98941631895317,0.381189459112477,0.960621915572951,0.00625,0.09375,800,0.475318111883015,0.971158941095736,0.025,0.075,40,,,,,,,,,,,"Estimate | Std. Error | df | t value | Pr(>|t|)",41.42,20.72,0.580000000000041,62.72,"RMM023",3,60044151,20,40,0.1,"none","Clean",0,TRUE
"lmer_kr","Conventional random slope (KR)",,0.0283976580687441,0.0481790605002364,18.6504686023369,0.589419091486949,0.562652901694816,-0.0725703379476247,0.129365654085113,FALSE,TRUE,TRUE,TRUE,0,TRUE,FALSE,0.943925093146727,0.142371604647462,0.975095242179688,,,,,,,,,,,,,,,,,,,,,"Estimate | Std. Error | df | t value | Pr(>|t|)",0.120000000000005,0.370000000000005,0,0.490000000000009,"RMM023",3,60044151,20,40,0.1,"none","Clean",0,TRUE
"rlmer_RSEa","Robust random slope (RSEa)","RSEa",-0.0183856161356746,0.036991234512351,1190.79783648094,-0.497026292256771,0.619262259439065,-0.0909608700221274,0.0541896377507782,FALSE,TRUE,TRUE,TRUE,0,TRUE,TRUE,1.26020715963602,0,0.976564826563405,0.448467873636122,0.961728974463853,0.005,0.0825,800,0.810020335074316,0.987974466919348,0,0,40,,,,,,,,,,,"Estimate | Std. Error | df | t value | Pr(>|t|)",9.91000000000008,19.74,0.5,30.1500000000001,"RMM023",4,1335545557,20,40,0.1,"none","Clean",0,TRUE
"lmer_kr","Conventional random slope (KR)",,-0.0162921511521734,0.0382701059768063,18.5669667657442,-0.425714816730514,0.675209622831357,-0.0965190336709839,0.063934731366637,FALSE,TRUE,TRUE,TRUE,0,TRUE,FALSE,1.24068693870586,0.0605759543677528,0.965308617124013,,,,,,,,,,,,,,,,,,,,,"Estimate | Std. Error | df | t value | Pr(>|t|)",0.139999999999873,0.380000000000109,0,0.519999999999982,"RMM023",4,1335545557,20,40,0.1,"none","Clean",0,TRUE
"rlmer_RSEa","Robust random slope (RSEa)","RSEa",0.0149335166494328,0.03958132171964,952.11385686178,0.377286962653976,0.706044438626005,-0.0627431919076656,0.0926102252065313,FALSE,TRUE,TRUE,TRUE,0,TRUE,TRUE,1.37498699887794,0,1.0611801526965,0.342390989074871,0.961023998854354,0.00375,0.09,800,0.647503877370429,0.982159844272541,0,0.025,40,,"boundary (singular) fit: see help('isSingular')",,,,,,,,,"Estimate | Std. Error | df | t value | Pr(>|t|)",12.52,19.6700000000001,0.509999999999991,32.7,"RMM023",5,516863982,20,40,0.1,"none","Clean",0,TRUE
"lmer_kr","Conventional random slope (KR)",,0.00921327127593989,0.0387624503195523,17.8166240718935,0.237685471377247,0.814836909561301,-0.0722837369422815,0.0907102794941613,FALSE,TRUE,TRUE,TRUE,0,TRUE,TRUE,1.34814537634905,0,1.05939865824743,,,,,,,,,,,,"boundary (singular) fit: see help('isSingular')",,,,,,"boundary (singular) fit: see help('isSingular')",,,"Estimate | Std. Error | df | t value | Pr(>|t|)",0.180000000000064,0.3599999999999,0,0.539999999999964,"RMM023",5,516863982,20,40,0.1,"none","Clean",0,TRUE
"rlmer_RSEa","Robust random slope (RSEa)","RSEa",-0.0472961065088119,0.0469415752327793,636.301869874487,-1.00755260713503,0.314052276979365,-0.139475239410445,0.0448830263928208,FALSE,TRUE,TRUE,TRUE,0,TRUE,TRUE,0.894283653885382,0,1.23487919960289,0.207509298891117,0.943640950645837,0.05125,0.09625,800,0.700220125812428,0.97912167334921,0,0.075,40,,,,,,,,,,,"Estimate | Std. Error | df | t value | Pr(>|t|)",13.78,22.4200000000001,0.529999999999973,36.73,"RMM025",1,493606906,20,40,0.1,"vertical","Vertical outliers",0,TRUE
"lmer_kr","Conventional random slope (KR)",,-0.00524742357199036,0.0767713058255829,18.6430469755822,-0.0683513653383988,0.946233710464187,-0.166140098349856,0.155645251205875,FALSE,TRUE,TRUE,TRUE,0,TRUE,FALSE,0.864275891849315,0.191349734023194,1.7062184290266,,,,,,,,,,,,,,,,,,,,,"Estimate | Std. Error | df | t value | Pr(>|t|)",0.130000000000109,0.339999999999918,0,0.470000000000027,"RMM025",1,493606906,20,40,0.1,"vertical","Vertical outliers",0,TRUE
"rlmer_RSEa","Robust random slope (RSEa)","RSEa",-0.024013442588594,0.042916209105239,817.598930616794,-0.559542491968672,0.575944787538314,-0.108252369992619,0.0602254848154313,FALSE,TRUE,TRUE,TRUE,0,TRUE,TRUE,0.800127207841633,0,1.24148996006079,0.20407526173764,0.945062609698047,0.05125,0.09125,800,0.738186325254993,0.987461116746379,0,0.025,40,,"boundary (singular) fit: see help('isSingular')",,,,,,,,,"Estimate | Std. Error | df | t value | Pr(>|t|)",15.6500000000001,22.3399999999999,0.550000000000182,38.5400000000002,"RMM025",2,386603050,20,40,0.1,"vertical","Vertical outliers",0,TRUE
"lmer_kr","Conventional random slope (KR)",,-0.0251929061696231,0.0567782673879976,18.0555809864935,-0.44370684997247,0.662525979416945,-0.1444533040121,0.0940674916728541,FALSE,TRUE,TRUE,TRUE,0,TRUE,TRUE,0.787001658031945,0,1.67588786038762,,,,,,,,,,,,"boundary (singular) fit: see help('isSingular')",,,,,,"boundary (singular) fit: see help('isSingular')",,,"Estimate | Std. Error | df | t value | Pr(>|t|)",0.119999999999891,0.340000000000146,0,0.460000000000036,"RMM025",2,386603050,20,40,0.1,"vertical","Vertical outliers",0,TRUE
"rlmer_RSEa","Robust random slope (RSEa)","RSEa",0.0441901610944127,0.044191180648159,975.027858960909,0.999976928569651,0.317569771859151,-0.04253061116458,0.130910933353405,FALSE,TRUE,TRUE,TRUE,0,TRUE,TRUE,0.870070676649779,0,1.1783782626908,0.204658886600005,0.946192893167683,0.0525,0.0825,800,0.467512723954194,0.969981815222878,0.025,0.075,40,,,,,,,,,,,"Estimate | Std. Error | df | t value | Pr(>|t|)",14.4399999999998,22.3800000000001,0.509999999999991,37.3299999999999,"RMM025",3,60044151,20,40,0.1,"vertical","Vertical outliers",0,TRUE
"lmer_kr","Conventional random slope (KR)",,0.117127188350233,0.0660348851532955,18.2720882575102,1.77371684797104,0.0927769325686803,-0.0214590241845836,0.25571340088505,FALSE,TRUE,TRUE,TRUE,0,TRUE,FALSE,0.919792545058399,0.1201247759116,1.63665230839282,,,,,,,,,,,,,,,,,,,,,"Estimate | Std. Error | df | t value | Pr(>|t|)",0.130000000000109,0.379999999999882,0,0.509999999999991,"RMM025",3,60044151,20,40,0.1,"vertical","Vertical outliers",0,TRUE
"rlmer_RSEa","Robust random slope (RSEa)","RSEa",-0.0169780074651321,0.0433787790213531,1085.07217416537,-0.391389703633076,0.695586045798532,-0.102093794260174,0.0681377793299103,FALSE,TRUE,TRUE,TRUE,0,TRUE,TRUE,1.25882707698818,0,1.14527433433858,0.171613225469257,0.945355467555432,0.05,0.0875,800,0.853107401580633,0.989502290473799,0,0,40,,"boundary (singular) fit: see help('isSingular')",,,,,,,,,"Estimate | Std. Error | df | t value | Pr(>|t|)",14.1600000000001,20.8399999999999,0.5,35.5,"RMM025",4,1335545557,20,40,0.1,"vertical","Vertical outliers",0,TRUE
"lmer_kr","Conventional random slope (KR)",,-0.0456330578637609,0.0618959597902577,18.4460671684353,-0.737254224967094,0.470242496910778,-0.175446604833688,0.0841804891061668,FALSE,TRUE,TRUE,TRUE,0,TRUE,TRUE,1.20298325651974,0,1.67210139109922,,,,,,,,,,,,"boundary (singular) fit: see help('isSingular')",,,,,,"boundary (singular) fit: see help('isSingular')",,,"Estimate | Std. Error | df | t value | Pr(>|t|)",0.130000000000109,0.349999999999909,0,0.480000000000018,"RMM025",4,1335545557,20,40,0.1,"vertical","Vertical outliers",0,TRUE
"rlmer_RSEa","Robust random slope (RSEa)","RSEa",0.0032431704871406,0.0469648642277968,916.618889145865,0.0690552509938074,0.944960701668462,-0.0889279780878754,0.0954143190621566,FALSE,TRUE,TRUE,TRUE,0,TRUE,TRUE,1.36400872608319,0,1.25923878342749,0.215320970752239,0.946157249121515,0.05375,0.085,800,0.64889596524458,0.982127219020403,0,0.025,40,,"boundary (singular) fit: see help('isSingular')",,,,,,,,,"Estimate | Std. Error | df | t value | Pr(>|t|)",11.2,21.28,0.519999999999982,33,"RMM025",5,516863982,20,40,0.1,"vertical","Vertical outliers",0,TRUE
"lmer_kr","Conventional random slope (KR)",,-0.0059495406517863,0.0628980011494173,17.8176117046759,-0.0945902976734167,0.925695898789633,-0.138190363531924,0.126291282228351,FALSE,TRUE,TRUE,TRUE,0,TRUE,TRUE,1.35370042976903,0,1.71948726524313,,,,,,,,,,,,"boundary (singular) fit: see help('isSingular')",,,,,,"boundary (singular) fit: see help('isSingular')",,,"Estimate | Std. Error | df | t value | Pr(>|t|)",0.1400000000001,0.3900000000001,0,0.5300000000002,"RMM025",5,516863982,20,40,0.1,"vertical","Vertical outliers",0,TRUE
"rlmer_RSEa","Robust random slope (RSEa)","RSEa",-0.0126936563874015,0.0256938735184833,1136.87201847583,-0.494034361081063,0.621377348806891,-0.0631063937723097,0.0377190809975067,FALSE,TRUE,TRUE,TRUE,0,TRUE,TRUE,1.17068863269405,0,0.99579798934039,0.412969831395051,0.960706361880394,0.008125,0.080625,1600,0.491394698646489,0.977643837434758,0.0125,0.0375,80,,,,,,,,,,,"Estimate | Std. Error | df | t value | Pr(>|t|)",55.3099999999999,53.25,1.32999999999993,109.89,"RMM027",1,1486507527,40,40,0.05,"none","Clean",0,TRUE
"lmer_kr","Conventional random slope (KR)",,-0.00736015021460953,0.0313528228429473,38.4147995671057,-0.234752393794907,0.815647740356288,-0.0708081228997912,0.0560878224705722,FALSE,TRUE,TRUE,TRUE,0,TRUE,FALSE,1.18839065808862,0.119402322752634,0.987660177999819,,,,,,,,,,,,,,,,,,,,,"Estimate | Std. Error | df | t value | Pr(>|t|)",0.169999999999845,0.590000000000146,0,0.759999999999991,"RMM027",1,1486507527,40,40,0.05,"none","Clean",0,TRUE
"rlmer_RSEa","Robust random slope (RSEa)","RSEa",-0.0297096991331466,0.0261867123626152,1416.14479498836,-1.13453337409246,0.256762882516404,-0.0810786160884124,0.0216592178221192,FALSE,TRUE,TRUE,TRUE,0,TRUE,TRUE,0.983513694254297,0,0.99833389888714,0.400536489381726,0.957775889617754,0.00875,0.096875,1600,0.592561581575675,0.978998752196528,0,0.05,80,,,,,,,,,,,"Estimate | Std. Error | df | t value | Pr(>|t|)",25.6199999999999,52.77,1.36000000000013,79.75,"RMM027",2,997572265,40,40,0.05,"none","Clean",0,TRUE
"lmer_kr","Conventional random slope (KR)",,-0.0364061063205896,0.0294399201898369,37.634251526548,-1.23662381167587,0.223888696628607,-0.0960231355794295,0.0232109229382502,FALSE,TRUE,TRUE,TRUE,0,TRUE,FALSE,0.957597340912758,0.0908264611144346,0.994895627095039,,,,,,,,,,,,,,,,,,,,,"Estimate | Std. Error | df | t value | Pr(>|t|)",0.149999999999864,0.590000000000146,0,0.740000000000009,"RMM027",2,997572265,40,40,0.05,"none","Clean",0,TRUE
"rlmer_RSEa","Robust random slope (RSEa)","RSEa",0.0454896838232167,0.0257359425044239,1436.61728854728,1.76755461026528,0.0773476421169097,-0.00499436930667236,0.0959737369531058,FALSE,TRUE,TRUE,TRUE,0,TRUE,TRUE,1.04554866193606,0,0.990292249075166,0.41182396155291,0.962883425094238,0.0025,0.07875,1600,0.53758317659182,0.980807585205097,0,0.0375,80,,,,,,,,,,,"Estimate | Std. Error | df | t value | Pr(>|t|)",16.8299999999999,52.6700000000001,1.37999999999988,70.8799999999999,"RMM027",3,2002591949,40,40,0.05,"none","Clean",0,TRUE
"lmer_kr","Conventional random slope (KR)",,0.0464018700871952,0.0257911736136725,37.1631641378633,1.79913759576247,0.0801215763445429,-0.00584826799936655,0.0986520081737569,FALSE,TRUE,TRUE,TRUE,0,TRUE,FALSE,1.04543221635719,0.0425061988387386,0.978803193784661,,,,,,,,,,,,,,,,,,,,,"Estimate | Std. Error | df | t value | Pr(>|t|)",0.170000000000073,1.07999999999993,0,1.25,"RMM027",3,2002591949,40,40,0.05,"none","Clean",0,TRUE
"rlmer_RSEa","Robust random slope (RSEa)","RSEa",-0.00543677548180313,0.0254220044624425,1967.31224993855,-0.213861007295283,0.830677609958191,-0.0552936621568289,0.0444201111932226,FALSE,TRUE,TRUE,TRUE,0,TRUE,TRUE,0.785335794506341,0,0.973472414808517,0.358393398368515,0.958754770255376,0.00625,0.089375,1600,0.658206035919484,0.982138880171494,0,0.025,80,,,,,,,,,,,"Estimate | Std. Error | df | t value | Pr(>|t|)",12.1300000000001,56.22,1.3599999999999,69.71,"RMM027",4,45240270,40,40,0.05,"none","Clean",0,TRUE
"lmer_kr","Conventional random slope (KR)",,0.0104623806220176,0.025120176810598,37.0631821302963,0.41649311232569,0.679451421977812,-0.0404330036589883,0.0613577649030235,FALSE,TRUE,TRUE,TRUE,0,TRUE,FALSE,0.769219269058456,0.0253772631308396,0.971009594972416,,,,,,,,,,,,,,,,,,,,,"Estimate | Std. Error | df | t value | Pr(>|t|)",0.170000000000073,1.07999999999993,0,1.25,"RMM027",4,45240270,40,40,0.05,"none","Clean",0,TRUE
"rlmer_RSEa","Robust random slope (RSEa)","RSEa",-0.0339669664242956,0.0263103870585807,1507.06623359845,-1.29100975780658,0.196898289630081,-0.0855758253443033,0.0176418924957122,FALSE,TRUE,TRUE,TRUE,0,TRUE,TRUE,1.16156929624927,0,1.01257907571523,0.428871973398392,0.960983979099998,0.0075,0.085625,1600,0.718666498359837,0.985729699243517,0,0.025,80,,,,,,,,,,,"Estimate | Std. Error | df | t value | Pr(>|t|)",19.8900000000001,52.6399999999999,1.83999999999992,74.3699999999999,"RMM027",5,395562116,40,40,0.05,"none","Clean",0,TRUE
"lmer_kr","Conventional random slope (KR)",,-0.0344281045429965,0.0273383211126924,37.5691171798837,-1.25933499723992,0.215677542528193,-0.089792494377904,0.020936285291911,FALSE,TRUE,TRUE,TRUE,0,TRUE,FALSE,1.13322447005494,0.0595793446578808,1.008322210957,,,,,,,,,,,,,,,,,,,,,"Estimate | Std. Error | df | t value | Pr(>|t|)",0.169999999999845,0.529999999999973,0,0.699999999999818,"RMM027",5,395562116,40,40,0.05,"none","Clean",0,TRUE
"rlmer_RSEa","Robust random slope (RSEa)","RSEa",-0.0187040399021951,0.0306173561788472,1175.27810360734,-0.610896636304519,0.54138613560351,-0.078774818340036,0.0413667385356458,FALSE,TRUE,TRUE,TRUE,0,TRUE,TRUE,1.15269706941565,0,1.18672438559122,0.185865793507548,0.944952559838679,0.050625,0.09375,1600,0.505788330413822,0.977499866360258,0,0.0375,80,,,,,,,,,,,"Estimate | Std. Error | df | t value | Pr(>|t|)",27.99,53.05,1.33999999999992,82.3799999999999,"RMM029",1,1486507527,40,40,0.05,"vertical","Vertical outliers",0,TRUE
"lmer_kr","Conventional random slope (KR)",,-0.0152744110131712,0.0452489380286545,38.0184436265159,-0.33756396677196,0.73754856031945,-0.106874637774495,0.0763258157481527,FALSE,TRUE,TRUE,TRUE,0,TRUE,FALSE,1.15159312360074,0.116265745701985,1.63697354335528,,,,,,,,,,,,,,,,,,,,,"Estimate | Std. Error | df | t value | Pr(>|t|)",0.180000000000064,1.01999999999998,0,1.20000000000005,"RMM029",1,1486507527,40,40,0.05,"vertical","Vertical outliers",0,TRUE
"rlmer_RSEa","Robust random slope (RSEa)","RSEa",-0.0327684009686317,0.0311235335898929,1434.77208131486,-1.0528496346338,0.292587189001304,-0.0938209086408777,0.0282841067036143,FALSE,TRUE,TRUE,TRUE,0,TRUE,TRUE,0.974440025288851,0,1.18665881856506,0.189621415573761,0.942657791386574,0.05125,0.0925,1600,0.555514558971102,0.979449314974671,0,0.05,80,,,,,,,,,,,"Estimate | Std. Error | df | t value | Pr(>|t|)",17.2,53.6900000000001,1.32999999999993,72.22,"RMM029",2,997572265,40,40,0.05,"vertical","Vertical outliers",0,TRUE
"lmer_kr","Conventional random slope (KR)",,-0.04290134866616,0.045312967121415,36.9241928170758,-0.946778624123353,0.349906799650668,-0.134720504197992,0.0489178068656719,FALSE,TRUE,TRUE,TRUE,0,TRUE,FALSE,1.00166705955338,0.0856519284805242,1.68049424514167,,,,,,,,,,,,,,,,,,,,,"Estimate | Std. Error | df | t value | Pr(>|t|)",0.170000000000073,1.04999999999995,0,1.22000000000003,"RMM029",2,997572265,40,40,0.05,"vertical","Vertical outliers",0,TRUE
"rlmer_RSEa","Robust random slope (RSEa)","RSEa",0.0460255719660581,0.0303906215386781,1607.99891229836,1.51446629373741,0.130104144008648,-0.0135838200137117,0.105634963945828,FALSE,TRUE,TRUE,TRUE,0,TRUE,TRUE,1.05761178756188,0,1.16948638568885,0.201613177497822,0.946916799709787,0.05125,0.085,1600,0.547184148581179,0.98043495788059,0,0.0375,80,,,,,,,,,,,"Estimate | Std. Error | df | t value | Pr(>|t|)",14.95,53.6299999999999,1.36000000000013,69.9400000000001,"RMM029",3,2002591949,40,40,0.05,"vertical","Vertical outliers",0,TRUE
"lmer_kr","Conventional random slope (KR)",,0.0351352662420152,0.0430452440819713,37.1582650869081,0.816240376639679,0.41956476048183,-0.0520701453843896,0.12234067786842,FALSE,TRUE,TRUE,TRUE,0,TRUE,FALSE,1.05606742849171,0.0700855543789166,1.63561008602048,,,,,,,,,,,,,,,,,,,,,"Estimate | Std. Error | df | t value | Pr(>|t|)",0.199999999999818,1.05000000000018,0,1.25,"RMM029",3,2002591949,40,40,0.05,"vertical","Vertical outliers",0,TRUE
"rlmer_RSEa","Robust random slope (RSEa)","RSEa",0.00114283713591672,0.0302680356235255,1868.40549304172,0.0377572284548411,0.969885280349626,-0.0582198776777866,0.0605055519496201,FALSE,TRUE,TRUE,TRUE,0,TRUE,TRUE,0.768712216309411,0,1.15931136939734,0.175053335212627,0.944253136295084,0.05125,0.091875,1600,0.701078546632978,0.983445257389802,0,0.0375,80,,"boundary (singular) fit: see help('isSingular')",,,,,,,,,"Estimate | Std. Error | df | t value | Pr(>|t|)",23.53,56.0999999999999,1.33999999999992,80.9699999999998,"RMM029",4,45240270,40,40,0.05,"vertical","Vertical outliers",0,TRUE
"lmer_kr","Conventional random slope (KR)",,0.0284412145323215,0.0418868845558934,36.9816608567069,0.679000475539542,0.501365203902176,-0.0564310959265641,0.113313524991207,FALSE,TRUE,TRUE,TRUE,0,TRUE,TRUE,0.737890273684987,0,1.64266814029957,,,,,,,,,,,,"boundary (singular) fit: see help('isSingular')",,,,,,"boundary (singular) fit: see help('isSingular')",,,"Estimate | Std. Error | df | t value | Pr(>|t|)",0.149999999999864,0.559999999999945,0,0.709999999999809,"RMM029",4,45240270,40,40,0.05,"vertical","Vertical outliers",0,TRUE
"rlmer_RSEa","Robust random slope (RSEa)","RSEa",-0.0613419313614766,0.0313383363703609,1590.98004078102,-1.95740867149197,0.0504740576252533,-0.122810704770315,0.00012684204736229,FALSE,TRUE,TRUE,TRUE,0,TRUE,TRUE,1.14573059273325,0,1.20624889300328,0.194135088866042,0.945324117373888,0.05,0.0925,1600,0.679438237985815,0.986035116926163,0,0.025,80,,,,,,,,,,,"Estimate | Std. Error | df | t value | Pr(>|t|)",20.97,52.0000000000002,1.34999999999991,74.3200000000002,"RMM029",5,395562116,40,40,0.05,"vertical","Vertical outliers",0,TRUE
"lmer_kr","Conventional random slope (KR)",,-0.0971083362306358,0.046518901538629,37.7195208413036,-2.08750277884351,0.0436512577657336,-0.19130393065805,-0.00291274180322158,TRUE,FALSE,TRUE,TRUE,0,TRUE,FALSE,1.12259293500045,0.121742971339575,1.66283810170841,,,,,,,,,,,,,,,,,,,,,"Estimate | Std. Error | df | t value | Pr(>|t|)",0.179999999999836,1.01999999999998,0,1.19999999999982,"RMM029",5,395562116,40,40,0.05,"vertical","Vertical outliers",0,TRUE
"rlmer_RSEa","Robust random slope (RSEa)","RSEa",-0.00937774766905498,0.0340356301290711,19.6827020905209,-0.275527370390745,0.785782933997013,-0.0804482715079724,0.0616927761698624,FALSE,TRUE,TRUE,TRUE,0,TRUE,FALSE,1.17319901974428,0.137361231680157,0.989956170719764,0.399141540140778,0.961672704296736,0.006875,0.08,1600,0.490746900502819,0.975373085104083,0.0125,0.0375,80,,,,,,,,,,,"Estimate | Std. Error | df | t value | Pr(>|t|)",41.9899999999998,82.6500000000001,1.68000000000029,126.32,"RMM031",1,1486507527,40,40,0.1,"none","Clean",0,TRUE
"lmer_kr","Conventional random slope (KR)",,-0.00384207934599281,0.0353935170535528,38.6269911571486,-0.108553194648034,0.914118835351754,-0.0754543349725019,0.0677701762805163,FALSE,TRUE,TRUE,TRUE,0,TRUE,FALSE,1.18873329084868,0.15791038342558,0.987648834298677,,,,,,,,,,,,,,,,,,,,,"Estimate | Std. Error | df | t value | Pr(>|t|)",0.170000000000073,1.03999999999996,0,1.21000000000004,"RMM031",1,1486507527,40,40,0.1,"none","Clean",0,TRUE
"rlmer_RSEa","Robust random slope (RSEa)","RSEa",-0.0342174606277012,0.0262502840901681,1387.07990839412,-1.30350820243188,0.192617625820675,-0.0857120054483009,0.0172770841928985,FALSE,TRUE,TRUE,TRUE,0,TRUE,TRUE,0.983481698966513,0,1.00075858848783,0.401320829310936,0.957733344060081,0.00875,0.098125,1600,0.592742198709232,0.978994482799212,0,0.05,80,,,,,,,,,,,"Estimate | Std. Error | df | t value | Pr(>|t|)",35.3600000000001,52.3099999999999,1.36000000000013,89.0300000000002,"RMM031",2,997572265,40,40,0.1,"none","Clean",0,TRUE
"lmer_kr","Conventional random slope (KR)",,-0.0407656583827213,0.0315717481602477,37.9935052780287,-1.2912068782447,0.20443302735986,-0.104679679896804,0.0231483631313612,FALSE,TRUE,TRUE,TRUE,0,TRUE,FALSE,0.957047560239139,0.115459850661224,0.994914389105248,,,,,,,,,,,,,,,,,,,,,"Estimate | Std. Error | df | t value | Pr(>|t|)",0.169999999999618,1.01999999999998,0,1.1899999999996,"RMM031",2,997572265,40,40,0.1,"none","Clean",0,TRUE
"rlmer_RSEa","Robust random slope (RSEa)","RSEa",0.0386466739836718,0.025789430193939,1433.84083654507,1.49854702849366,0.134211301074662,-0.011942384087063,0.0892357320544066,FALSE,TRUE,TRUE,TRUE,0,TRUE,TRUE,1.04409579347992,0,0.99235182530135,0.412868830200651,0.9628738366178,0.0025,0.08125,1600,0.536462618002584,0.980856481612529,0,0.0375,80,,,,,,,,,,,"Estimate | Std. Error | df | t value | Pr(>|t|)",23.4699999999998,52.5900000000001,1.30999999999995,77.3699999999999,"RMM031",3,2002591949,40,40,0.1,"none","Clean",0,TRUE
"lmer_kr","Conventional random slope (KR)",,0.0392361828957074,0.0276118065441392,37.5194175308952,1.42099296664946,0.163577218493891,-0.0166845191837795,0.0951568849751944,FALSE,TRUE,TRUE,TRUE,0,TRUE,FALSE,1.04457463843516,0.0743955411480071,0.979134665964528,,,,,,,,,,,,,,,,,,,,,"Estimate | Std. Error | df | t value | Pr(>|t|)",0.170000000000073,0.609999999999673,0,0.779999999999745,"RMM031",3,2002591949,40,40,0.1,"none","Clean",0,TRUE
"rlmer_RSEa","Robust random slope (RSEa)","RSEa",0.000806663890421945,0.0255312531005709,2094.18356735122,0.0315951546617939,0.974797918243998,-0.04926261066617,0.0508759384470139,FALSE,TRUE,TRUE,TRUE,0,TRUE,TRUE,0.787781743275737,0,0.977656969222658,0.360195531513377,0.959074682957021,0.00625,0.086875,1600,0.659685188844256,0.98208818579901,0,0.025,80,,,,,,,,,,,"Estimate | Std. Error | df | t value | Pr(>|t|)",31.1799999999998,56.02,1.36000000000013,88.5599999999999,"RMM031",4,45240270,40,40,0.1,"none","Clean",0,TRUE
"lmer_kr","Conventional random slope (KR)",,0.0157301469681687,0.0286562138905237,37.751701297169,0.548926212941567,0.586288349107,-0.0422938577546358,0.0737541516909732,FALSE,TRUE,TRUE,TRUE,0,TRUE,FALSE,0.769774384960962,0.0892606211995884,0.971431131539068,,,,,,,,,,,,,,,,,,,,,"Estimate | Std. Error | df | t value | Pr(>|t|)",0.169999999999618,1.07000000000016,0,1.23999999999978,"RMM031",4,45240270,40,40,0.1,"none","Clean",0,TRUE
"rlmer_RSEa","Robust random slope (RSEa)","RSEa",-0.0299099215722195,0.0264269790874207,1437.71756153729,-1.13179495368265,0.257909385687445,-0.0817494901123726,0.0219296469679336,FALSE,TRUE,TRUE,TRUE,0,TRUE,TRUE,1.16122140582612,0,1.0170691234585,0.415118700506106,0.960945636588965,0.008125,0.084375,1600,0.718468523851192,0.985762344245958,0,0.025,80,,,,,,,,,,,"Estimate | Std. Error | df | t value | Pr(>|t|)",38.21,52.29,1.82999999999993,92.3299999999999,"RMM031",5,395562116,40,40,0.1,"none","Clean",0,TRUE
"lmer_kr","Conventional random slope (KR)",,-0.0275083590463665,0.0316030629803989,38.1449512448833,-0.870433320448333,0.389508642038968,-0.0914774325115302,0.0364607144187973,FALSE,TRUE,TRUE,TRUE,0,TRUE,FALSE,1.13287706422631,0.115577533856474,1.00836151755993,,,,,,,,,,,,,,,,,,,,,"Estimate | Std. Error | df | t value | Pr(>|t|)",0.170000000000073,0.539999999999964,0,0.710000000000036,"RMM031",5,395562116,40,40,0.1,"none","Clean",0,TRUE
"rlmer_RSEa","Robust random slope (RSEa)","RSEa",-0.0149803401502221,0.0307962772932583,1154.24934354329,-0.486433474006337,0.626752204400559,-0.0754032938529732,0.045442613552529,FALSE,TRUE,TRUE,TRUE,0,TRUE,TRUE,1.15203201726976,0,1.19366382940306,0.185705849104141,0.944930153845686,0.050625,0.09375,1600,0.504629550632699,0.977447403896965,0,0.0375,80,,,,,,,,,,,"Estimate | Std. Error | df | t value | Pr(>|t|)",70.0900000000001,53.0799999999999,1.32999999999993,124.5,"RMM033",1,1486507527,40,40,0.1,"vertical","Vertical outliers",0,TRUE
"lmer_kr","Conventional random slope (KR)",,-0.0127819905284273,0.0496437225014252,38.3052709027943,-0.257474457683152,0.798190696522786,-0.113254157530104,0.0876901764732498,FALSE,TRUE,TRUE,TRUE,0,TRUE,FALSE,1.15246981560492,0.172955707184055,1.63682185069364,,,,,,,,,,,,,,,,,,,,,"Estimate | Std. Error | df | t value | Pr(>|t|)",0.150000000000091,0.610000000000127,0,0.760000000000218,"RMM033",1,1486507527,40,40,0.1,"vertical","Vertical outliers",0,TRUE
"rlmer_RSEa","Robust random slope (RSEa)","RSEa",-0.0368240865309815,0.0312094607615294,1388.73442564288,-1.1799014027302,0.238241505135538,-0.0980468640949471,0.024398691032984,FALSE,TRUE,TRUE,TRUE,0,TRUE,TRUE,0.975317539176312,0,1.18993638902775,0.191637701352622,0.942629101114201,0.05125,0.09125,1600,0.556744229831502,0.979459883369562,0,0.05,80,,,,,,,,,,,"Estimate | Std. Error | df | t value | Pr(>|t|)",15.0300000000002,54.1100000000001,1.33999999999969,70.48,"RMM033",2,997572265,40,40,0.1,"vertical","Vertical outliers",0,TRUE
"lmer_kr","Conventional random slope (KR)",,-0.0468552286053639,0.0445106850169934,36.74357355691,-1.05267372513983,0.299364267617226,-0.137063693169853,0.0433532359591257,FALSE,TRUE,TRUE,TRUE,0,TRUE,FALSE,1.00168307616773,0.0676258793095625,1.68042170952028,,,,,,,,,,,,,,,,,,,,,"Estimate | Std. Error | df | t value | Pr(>|t|)",0.170000000000073,0.569999999999709,0,0.739999999999782,"RMM033",2,997572265,40,40,0.1,"vertical","Vertical outliers",0,TRUE
"rlmer_RSEa","Robust random slope (RSEa)","RSEa",0.0391550424401899,0.0304517584626027,1637.68247725221,1.28580562886953,0.198692679611866,-0.0205734504885558,0.0988835353689355,FALSE,TRUE,TRUE,TRUE,0,TRUE,TRUE,1.05576769607814,0,1.17184149250529,0.202774488846171,0.946816960139151,0.050625,0.08625,1600,0.545622033521581,0.980516924337447,0,0.0375,80,,,,,,,,,,,"Estimate | Std. Error | df | t value | Pr(>|t|)",18.1400000000003,51.9199999999996,1.34000000000015,71.4000000000001,"RMM033",3,2002591949,40,40,0.1,"vertical","Vertical outliers",0,TRUE
"lmer_kr","Conventional random slope (KR)",,0.0279159777499819,0.0443252827553444,37.3206470544052,0.629798074928602,0.532663794688525,-0.0618695370652502,0.117701492565214,FALSE,TRUE,TRUE,TRUE,0,TRUE,FALSE,1.05438786436941,0.0958261695097846,1.63592258660114,,,,,,,,,,,,,,,,,,,,,"Estimate | Std. Error | df | t value | Pr(>|t|)",0.190000000000055,1.01999999999998,0,1.21000000000004,"RMM033",3,2002591949,40,40,0.1,"vertical","Vertical outliers",0,TRUE
"rlmer_RSEa","Robust random slope (RSEa)","RSEa",0.00765757696680435,0.0303948405543236,1967.68003976144,0.251936737523536,0.801116273446139,-0.0519518825819652,0.0672670365155738,FALSE,TRUE,TRUE,TRUE,0,TRUE,TRUE,0.770441355624699,0,1.1641714011317,0.175455096838487,0.944473187489457,0.05125,0.090625,1600,0.700330668574717,0.983537622554444,0,0.0375,80,,"boundary (singular) fit: see help('isSingular')",,,,,,,,,"Estimate | Std. Error | df | t value | Pr(>|t|)",30.4299999999998,55.9699999999998,1.35000000000036,87.75,"RMM033",4,45240270,40,40,0.1,"vertical","Vertical outliers",0,TRUE
"lmer_kr","Conventional random slope (KR)",,0.0339295103704377,0.0419469624154753,36.9815906743462,0.808866921861312,0.4237651473921,-0.051064536879769,0.118923557620644,FALSE,TRUE,TRUE,TRUE,0,TRUE,TRUE,0.741240619874885,0,1.645011451497,,,,,,,,,,,,"boundary (singular) fit: see help('isSingular')",,,,,,"boundary (singular) fit: see help('isSingular')",,,"Estimate | Std. Error | df | t value | Pr(>|t|)",0.170000000000073,1.05000000000018,0,1.22000000000025,"RMM033",4,45240270,40,40,0.1,"vertical","Vertical outliers",0,TRUE
"rlmer_RSEa","Robust random slope (RSEa)","RSEa",-0.0567827726422715,0.0314533868647332,1526.67780809864,-1.80529915224928,0.0712248171810082,-0.118479190930553,0.00491364564601034,FALSE,TRUE,TRUE,TRUE,0,TRUE,TRUE,1.14546674534485,0,1.21068139717706,0.194850804976834,0.94527426801719,0.05,0.09375,1600,0.679173100842393,0.986092947964625,0,0.025,80,,,,,,,,,,,"Estimate | Std. Error | df | t value | Pr(>|t|)",25.9200000000001,51.9499999999998,1.88000000000011,79.75,"RMM033",5,395562116,40,40,0.1,"vertical","Vertical outliers",0,TRUE
"lmer_kr","Conventional random slope (KR)",,-0.0920593845026406,0.049387504698024,37.96433372907,-1.86402178173468,0.0700656150225646,-0.192042245426148,0.00792347642086637,FALSE,TRUE,TRUE,TRUE,0,TRUE,FALSE,1.12189085712823,0.159829597754759,1.66286645456133,,,,,,,,,,,,,,,,,,,,,"Estimate | Std. Error | df | t value | Pr(>|t|)",0.169999999999618,0.5,0,0.669999999999618,"RMM033",5,395562116,40,40,0.1,"vertical","Vertical outliers",0,TRUE
