"check","passed","details"
"old_and_corrected_result_directories_exist",TRUE,
"old_completion_marker_exists",TRUE,
"corrected_completion_marker_exists",TRUE,
"original_checksum_record_exists",TRUE,
"original_study3_outputs_still_match_archived_checksums",TRUE,
"execution_metadata__analysis_seed",TRUE,"old = 20261101 ; new = 20261101"
"execution_metadata__method_count",TRUE,"old = 9 ; new = 9"
"execution_metadata__methods",TRUE,"old = rs,ri,cr2,cats,cats_trunc,cats_robust,cats_robustbase,robust_ri,robust_rs ; new = rs,ri,cr2,cats,cats_trunc,cats_robust,cats_robustbase,robust_ri,robust_rs"
"execution_metadata__alpha",TRUE,"old = 0.05 ; new = 0.05"
"execution_metadata__observed_input_md5",TRUE,"old = 8edd9d547383f4f8f1786885e8a43f03 ; new = 8edd9d547383f4f8f1786885e8a43f03"
"execution_metadata__perturbed_input_md5",TRUE,"old = 74e07a828870a2d2282f71c24f099a52 ; new = 74e07a828870a2d2282f71c24f099a52"
"execution_metadata__observed_subjects",TRUE,"old = 18 ; new = 18"
"execution_metadata__perturbed_subjects",TRUE,"old = 18 ; new = 18"
"execution_metadata__observed_loo_rows",TRUE,"old = 162 ; new = 162"
"execution_metadata__perturbed_loo_rows",TRUE,"old = 162 ; new = 162"
"execution_metadata__contaminated_observations",TRUE,"old = 18 ; new = 18"
"execution_metadata__comparative_analysis_complete",TRUE,"old = TRUE ; new = TRUE"
"observed_full__row_count",TRUE,"old = 9 ; new = 9"
"observed_full__column_set",TRUE,"old columns = 28 ; new columns = 28"
"observed_full__method",TRUE,
"observed_full__estimate",TRUE,
"observed_full__std_error",TRUE,
"observed_full__df",TRUE,
"observed_full__p_value",TRUE,
"observed_full__conf_low",TRUE,
"observed_full__conf_high",TRUE,
"observed_full__fit_success",TRUE,
"observed_full__converged",TRUE,
"observed_full__singular",TRUE,
"observed_full__retained_clusters",TRUE,
"observed_full__estimated_random_intercept_sd",TRUE,
"observed_full__estimated_random_slope_sd",TRUE,
"observed_full__optimizer_warning",TRUE,
"observed_full__optimizer_code",TRUE,
"observed_full__error",TRUE,
"observed_full__template_warning",TRUE,
"observed_full__template_error",TRUE,
"observed_full__cluster_warning_count",TRUE,
"observed_full__cluster_error_count",TRUE,
"observed_full__dropped_cluster_count",TRUE,
"observed_full__cluster_warning_ids",TRUE,
"observed_full__cluster_error_ids",TRUE,
"observed_full__dropped_cluster_ids",TRUE,
"observed_full__method_order",TRUE,
"observed_full__method_label",TRUE,
"observed_full__warning__allowed_warning_change",TRUE,
"perturbed_full__row_count",TRUE,"old = 9 ; new = 9"
"perturbed_full__column_set",TRUE,"old columns = 28 ; new columns = 28"
"perturbed_full__method",TRUE,
"perturbed_full__estimate",TRUE,
"perturbed_full__std_error",TRUE,
"perturbed_full__df",TRUE,
"perturbed_full__p_value",TRUE,
"perturbed_full__conf_low",TRUE,
"perturbed_full__conf_high",TRUE,
"perturbed_full__fit_success",TRUE,
"perturbed_full__converged",TRUE,
"perturbed_full__singular",TRUE,
"perturbed_full__retained_clusters",TRUE,
"perturbed_full__estimated_random_intercept_sd",TRUE,
"perturbed_full__estimated_random_slope_sd",TRUE,
"perturbed_full__optimizer_warning",TRUE,
"perturbed_full__optimizer_code",TRUE,
"perturbed_full__error",TRUE,
"perturbed_full__template_warning",TRUE,
"perturbed_full__template_error",TRUE,
"perturbed_full__cluster_warning_count",TRUE,
"perturbed_full__cluster_error_count",TRUE,
"perturbed_full__dropped_cluster_count",TRUE,
"perturbed_full__cluster_warning_ids",TRUE,
"perturbed_full__cluster_error_ids",TRUE,
"perturbed_full__dropped_cluster_ids",TRUE,
"perturbed_full__method_order",TRUE,
"perturbed_full__method_label",TRUE,
"perturbed_full__warning__allowed_warning_change",TRUE,
"observed_robustbase_real_warning_preserved",TRUE,
"perturbed_robustbase_real_warning_preserved",TRUE,
"no_full_data_phantom_cluster_warning",TRUE,
"observed_vs_perturbed__row_count",TRUE,"old = 9 ; new = 9"
"observed_vs_perturbed__column_set",TRUE,"old columns = 58 ; new columns = 58"
"observed_vs_perturbed__method",TRUE,
"observed_vs_perturbed__method_label",TRUE,
"observed_vs_perturbed__method_order",TRUE,
"observed_vs_perturbed__observed_estimate",TRUE,
"observed_vs_perturbed__observed_std_error",TRUE,
"observed_vs_perturbed__observed_df",TRUE,
"observed_vs_perturbed__observed_p_value",TRUE,
"observed_vs_perturbed__observed_conf_low",TRUE,
"observed_vs_perturbed__observed_conf_high",TRUE,
"observed_vs_perturbed__observed_fit_success",TRUE,
"observed_vs_perturbed__observed_converged",TRUE,
"observed_vs_perturbed__observed_singular",TRUE,
"observed_vs_perturbed__observed_retained_clusters",TRUE,
"observed_vs_perturbed__observed_estimated_random_intercept_sd",TRUE,
"observed_vs_perturbed__observed_estimated_random_slope_sd",TRUE,
"observed_vs_perturbed__observed_optimizer_warning",TRUE,
"observed_vs_perturbed__observed_optimizer_code",TRUE,
"observed_vs_perturbed__observed_error",TRUE,
"observed_vs_perturbed__observed_template_warning",TRUE,
"observed_vs_perturbed__observed_template_error",TRUE,
"observed_vs_perturbed__observed_cluster_warning_count",TRUE,
"observed_vs_perturbed__observed_cluster_error_count",TRUE,
"observed_vs_perturbed__observed_dropped_cluster_count",TRUE,
"observed_vs_perturbed__observed_cluster_warning_ids",TRUE,
"observed_vs_perturbed__observed_cluster_error_ids",TRUE,
"observed_vs_perturbed__observed_dropped_cluster_ids",TRUE,
"observed_vs_perturbed__perturbed_estimate",TRUE,
"observed_vs_perturbed__perturbed_std_error",TRUE,
"observed_vs_perturbed__perturbed_df",TRUE,
"observed_vs_perturbed__perturbed_p_value",TRUE,
"observed_vs_perturbed__perturbed_conf_low",TRUE,
"observed_vs_perturbed__perturbed_conf_high",TRUE,
"observed_vs_perturbed__perturbed_fit_success",TRUE,
"observed_vs_perturbed__perturbed_converged",TRUE,
"observed_vs_perturbed__perturbed_singular",TRUE,
"observed_vs_perturbed__perturbed_retained_clusters",TRUE,
"observed_vs_perturbed__perturbed_estimated_random_intercept_sd",TRUE,
"observed_vs_perturbed__perturbed_estimated_random_slope_sd",TRUE,
"observed_vs_perturbed__perturbed_optimizer_warning",TRUE,
"observed_vs_perturbed__perturbed_optimizer_code",TRUE,
"observed_vs_perturbed__perturbed_error",TRUE,
"observed_vs_perturbed__perturbed_template_warning",TRUE,
"observed_vs_perturbed__perturbed_template_error",TRUE,
"observed_vs_perturbed__perturbed_cluster_warning_count",TRUE,
"observed_vs_perturbed__perturbed_cluster_error_count",TRUE,
"observed_vs_perturbed__perturbed_dropped_cluster_count",TRUE,
"observed_vs_perturbed__perturbed_cluster_warning_ids",TRUE,
"observed_vs_perturbed__perturbed_cluster_error_ids",TRUE,
"observed_vs_perturbed__perturbed_dropped_cluster_ids",TRUE,
"observed_vs_perturbed__observed_ci_width",TRUE,
"observed_vs_perturbed__perturbed_ci_width",TRUE,
"observed_vs_perturbed__estimate_change",TRUE,
"observed_vs_perturbed__absolute_estimate_change",TRUE,
"observed_vs_perturbed__ci_width_change",TRUE,
"observed_vs_perturbed__observed_warning__allowed_warning_change",TRUE,
"observed_vs_perturbed__perturbed_warning__allowed_warning_change",TRUE,
"observed_cluster_fits__row_count",TRUE,"old = 54 ; new = 54"
"observed_cluster_fits__column_set",TRUE,"old columns = 7 ; new columns = 7"
"observed_cluster_fits__cluster",TRUE,
"observed_cluster_fits__engine",TRUE,
"observed_cluster_fits__intercept",TRUE,
"observed_cluster_fits__slope",TRUE,
"observed_cluster_fits__fit_success",TRUE,
"observed_cluster_fits__warning",TRUE,
"observed_cluster_fits__error",TRUE,
"observed_cluster_slope_differences__row_count",TRUE,"old = 36 ; new = 36"
"observed_cluster_slope_differences__column_set",TRUE,"old columns = 3 ; new columns = 3"
"observed_cluster_slope_differences__cluster",TRUE,
"observed_cluster_slope_differences__comparison",TRUE,
"observed_cluster_slope_differences__slope_difference",TRUE,
"perturbed_cluster_fits__row_count",TRUE,"old = 54 ; new = 54"
"perturbed_cluster_fits__column_set",TRUE,"old columns = 7 ; new columns = 7"
"perturbed_cluster_fits__cluster",TRUE,
"perturbed_cluster_fits__engine",TRUE,
"perturbed_cluster_fits__intercept",TRUE,
"perturbed_cluster_fits__slope",TRUE,
"perturbed_cluster_fits__fit_success",TRUE,
"perturbed_cluster_fits__warning",TRUE,
"perturbed_cluster_fits__error",TRUE,
"perturbed_cluster_slope_differences__row_count",TRUE,"old = 36 ; new = 36"
"perturbed_cluster_slope_differences__column_set",TRUE,"old columns = 3 ; new columns = 3"
"perturbed_cluster_slope_differences__cluster",TRUE,
"perturbed_cluster_slope_differences__comparison",TRUE,
"perturbed_cluster_slope_differences__slope_difference",TRUE,
"observed_observation_diagnostics__row_id",TRUE,
"observed_observation_diagnostics__cluster",TRUE,
"observed_observation_diagnostics__out",TRUE,
"observed_observation_diagnostics__x",TRUE,
"observed_observation_diagnostics__ols_residual",TRUE,
"observed_observation_diagnostics__standardized_residual",TRUE,
"observed_observation_diagnostics__leverage",TRUE,
"observed_observation_diagnostics__cooks_distance",TRUE,
"observed_observation_diagnostics__robustbase_weight",TRUE,
"observed_old_lmRob_weights_were_missing",TRUE,
"observed_corrected_lmRob_weights_populated_and_finite",TRUE,"rows = 180 ; finite weights = 180"
"perturbed_observation_diagnostics__row_id",TRUE,
"perturbed_observation_diagnostics__cluster",TRUE,
"perturbed_observation_diagnostics__out",TRUE,
"perturbed_observation_diagnostics__x",TRUE,
"perturbed_observation_diagnostics__ols_residual",TRUE,
"perturbed_observation_diagnostics__standardized_residual",TRUE,
"perturbed_observation_diagnostics__leverage",TRUE,
"perturbed_observation_diagnostics__cooks_distance",TRUE,
"perturbed_observation_diagnostics__robustbase_weight",TRUE,
"perturbed_old_lmRob_weights_were_missing",TRUE,
"perturbed_corrected_lmRob_weights_populated_and_finite",TRUE,"rows = 180 ; finite weights = 180"
"contaminated_observation_diagnostics__row_id",TRUE,
"contaminated_observation_diagnostics__Subject",TRUE,
"contaminated_observation_diagnostics__Days",TRUE,
"contaminated_observation_diagnostics__Reaction_observed",TRUE,
"contaminated_observation_diagnostics__Reaction_perturbed",TRUE,
"contaminated_observation_diagnostics__contaminated",TRUE,
"contaminated_observation_diagnostics__contamination_sign",TRUE,
"contaminated_observation_diagnostics__signed_displacement",TRUE,
"contaminated_observation_diagnostics__absolute_displacement",TRUE,
"contaminated_observation_diagnostics__cluster",TRUE,
"contaminated_observation_diagnostics__out",TRUE,
"contaminated_observation_diagnostics__x",TRUE,
"contaminated_observation_diagnostics__ols_residual",TRUE,
"contaminated_observation_diagnostics__standardized_residual",TRUE,
"contaminated_observation_diagnostics__leverage",TRUE,
"contaminated_observation_diagnostics__cooks_distance",TRUE,
"contaminated_observation_diagnostics__robustbase_weight",TRUE,
"corrected_contaminated_lmRob_weights_populated_and_finite",TRUE,"rows = 18 ; finite weights = 18"
"leave_one_subject_out__row_count",TRUE,"old = 324 ; new = 324"
"leave_one_subject_out__column_set",TRUE,"old columns = 10 ; new columns = 10"
"leave_one_subject_out__method",TRUE,
"leave_one_subject_out__method_label",TRUE,
"leave_one_subject_out__omitted_cluster",TRUE,
"leave_one_subject_out__full_estimate",TRUE,
"leave_one_subject_out__leave_one_out_estimate",TRUE,
"leave_one_subject_out__estimate_change",TRUE,
"leave_one_subject_out__fit_success",TRUE,
"leave_one_subject_out__error",TRUE,
"leave_one_subject_out__dataset",TRUE,
"leave_one_subject_out__warning__allowed_warning_change",TRUE,
"loo_row_count_324",TRUE,"rows = 324"
"no_loo_phantom_cluster_warning",TRUE,
"observed_loo_status__row_count",TRUE,"old = 18 ; new = 18"
"observed_loo_status__column_set",TRUE,"old columns = 6 ; new columns = 6"
"observed_loo_status__dataset",TRUE,
"observed_loo_status__cluster_index",TRUE,
"observed_loo_status__omitted_cluster",TRUE,
"observed_loo_status__status",TRUE,
"observed_loo_status__error",TRUE,
"perturbed_loo_status__row_count",TRUE,"old = 18 ; new = 18"
"perturbed_loo_status__column_set",TRUE,"old columns = 6 ; new columns = 6"
"perturbed_loo_status__dataset",TRUE,
"perturbed_loo_status__cluster_index",TRUE,
"perturbed_loo_status__omitted_cluster",TRUE,
"perturbed_loo_status__status",TRUE,
"perturbed_loo_status__error",TRUE,
"corrected_checksum_record_exists",TRUE,
"corrected_outputs_match_their_checksums",TRUE,
