"condition_id","n_clusters","cluster_size","beta","effect_label","intercept","random_intercept_sd","residual_sd","x_sd","contamination","contamination_label","contamination_prop","contamination_size","leverage_size","reps","alpha","method_set","condition_seed","common_random_number_group","model","mean_coef","bias","rejection_rate","rejection_rate_se","rmse","coverage","coverage_se","avg_ci_width","success","failure_rate","singular_rate","mean_retained_clusters","mean_runtime_sec","method_label","method_order"
"S1C001",10,40,0,"Null",0,1,1,1,"none","Clean",0.05,0,0,2000,0.05,"ri,cr2,cats,cats_trunc,cats_robust,cats_robustbase",20260815,"G10","ri",0.000274085367333407,0.000274085367333407,5.45,0.507591124823908,0.0515983122524309,94.55,0.507591124823908,0.199315391873357,2000,0,0,10,0.283959999999999,"Random intercept (KR)",1
"S1C001",10,40,0,"Null",0,1,1,1,"none","Clean",0.05,0,0,2000,0.05,"ri,cr2,cats,cats_trunc,cats_robust,cats_robustbase",20260815,"G10","cr2",0.00254121596668816,0.00254121596668816,5.3,0.50095408971282,0.0719729431779698,94.7,0.50095408971282,0.303140352072727,2000,0,,10,0.0552250000000009,"OLS with CR2",2
"S1C001",10,40,0,"Null",0,1,1,1,"none","Clean",0.05,0,0,2000,0.05,"ri,cr2,cats,cats_trunc,cats_robust,cats_robustbase",20260815,"G10","cats",0.000177439068627317,0.000177439068627317,5.25,0.498717104178311,0.0526072043817319,94.75,0.498717104178311,0.227770331138891,2000,0,,10,0.0339450000000001,"CATs",3
"S1C001",10,40,0,"Null",0,1,1,1,"none","Clean",0.05,0,0,2000,0.05,"ri,cr2,cats,cats_trunc,cats_robust,cats_robustbase",20260815,"G10","cats_trunc",0.000269679743520302,0.000269679743520302,5.25,0.498717104178311,0.0525903266527869,94.75,0.498717104178311,0.227784512941982,2000,0,,9.991,0.0353099999999999,"Truncated CATs",4
"S1C001",10,40,0,"Null",0,1,1,1,"none","Clean",0.05,0,0,2000,0.05,"ri,cr2,cats,cats_trunc,cats_robust,cats_robustbase",20260815,"G10","cats_robust",8.69888748756563e-05,8.69888748756563e-05,5.2,0.496467521596328,0.0566847658682799,94.8,0.496467521596328,0.24719734999736,2000,0,,10,0.0711750000000012,"Robust CATs: lmRob",5
"S1C001",10,40,0,"Null",0,1,1,1,"none","Clean",0.05,0,0,2000,0.05,"ri,cr2,cats,cats_trunc,cats_robust,cats_robustbase",20260815,"G10","cats_robustbase",0.000145278509529417,0.000145278509529417,5.55,0.511955808639769,0.0541892575934359,94.45,0.511955808639769,0.235416497796109,2000,0,,10,0.139314999999999,"Robust CATs: lmrob",6
"S1C002",10,40,0,"Null",0,1,1,1,"vertical","Vertical outliers",0.05,6,0,2000,0.05,"ri,cr2,cats,cats_trunc,cats_robust,cats_robustbase",20260815,"G10","ri",0.00196202513160689,0.00196202513160689,5.3,0.50095408971282,0.0840897436205611,94.7,0.50095408971282,0.333568382179379,2000,0,0,10,0.268040000000001,"Random intercept (KR)",1
"S1C002",10,40,0,"Null",0,1,1,1,"vertical","Vertical outliers",0.05,6,0,2000,0.05,"ri,cr2,cats,cats_trunc,cats_robust,cats_robustbase",20260815,"G10","cr2",0.0042176678405251,0.0042176678405251,5.15,0.494205169944629,0.096860062593729,94.85,0.494205169944629,0.422578102892054,2000,0,,10,0.0529100000000012,"OLS with CR2",2
"S1C002",10,40,0,"Null",0,1,1,1,"vertical","Vertical outliers",0.05,6,0,2000,0.05,"ri,cr2,cats,cats_trunc,cats_robust,cats_robustbase",20260815,"G10","cats",0.00108931432573721,0.00108931432573721,5.8,0.522666241496426,0.085753823343633,94.2,0.522666241496426,0.379499035335455,2000,0,,10,0.0316399999999992,"CATs",3
"S1C002",10,40,0,"Null",0,1,1,1,"vertical","Vertical outliers",0.05,6,0,2000,0.05,"ri,cr2,cats,cats_trunc,cats_robust,cats_robustbase",20260815,"G10","cats_trunc",0.00102249132464273,0.00102249132464273,5.85,0.52477495176504,0.0857558284037399,94.15,0.52477495176504,0.379180917501689,2000,0,,9.993,0.0322500000000006,"Truncated CATs",4
"S1C002",10,40,0,"Null",0,1,1,1,"vertical","Vertical outliers",0.05,6,0,2000,0.05,"ri,cr2,cats,cats_trunc,cats_robust,cats_robustbase",20260815,"G10","cats_robust",-0.000192969095634906,-0.000192969095634906,5.05,0.489641450451246,0.056470985295895,94.95,0.489641450451246,0.247419190752934,2000,0,,10,0.0667499999999985,"Robust CATs: lmRob",5
"S1C002",10,40,0,"Null",0,1,1,1,"vertical","Vertical outliers",0.05,6,0,2000,0.05,"ri,cr2,cats,cats_trunc,cats_robust,cats_robustbase",20260815,"G10","cats_robustbase",0.000445819649640401,0.000445819649640401,5.05,0.489641450451246,0.0553291107366775,94.95,0.489641450451246,0.242102464667963,2000,0,,10,0.130534999999997,"Robust CATs: lmrob",6
"S1C003",10,40,0,"Null",0,1,1,1,"bad_leverage","Bad leverage",0.05,0.375,4,2000,0.05,"ri,cr2,cats,cats_trunc,cats_robust,cats_robustbase",20260815,"G10","ri",-0.0429369778937509,-0.0429369778937509,20.8104052026013,0.907962540950739,0.0577306796693106,79.1895947973987,0.907962540950739,0.150716841692832,1999,0.05,0,10,0.266500000000001,"Random intercept (KR)",1
"S1C003",10,40,0,"Null",0,1,1,1,"bad_leverage","Bad leverage",0.05,0.375,4,2000,0.05,"ri,cr2,cats,cats_trunc,cats_robust,cats_robustbase",20260815,"G10","cr2",-0.0404774461398676,-0.0404774461398676,11.85,0.72269547528679,0.0672421610244049,88.15,0.722695475286791,0.228005378003388,2000,0,,10,0.0518150000000003,"OLS with CR2",2
"S1C003",10,40,0,"Null",0,1,1,1,"bad_leverage","Bad leverage",0.05,0.375,4,2000,0.05,"ri,cr2,cats,cats_trunc,cats_robust,cats_robustbase",20260815,"G10","cats",-0.0436550833677115,-0.0436550833677115,18.6,0.870068962783985,0.0583829884113413,81.4,0.870068962783985,0.169007467094897,2000,0,,10,0.0319100000000003,"CATs",3
"S1C003",10,40,0,"Null",0,1,1,1,"bad_leverage","Bad leverage",0.05,0.375,4,2000,0.05,"ri,cr2,cats,cats_trunc,cats_robust,cats_robustbase",20260815,"G10","cats_trunc",-0.0436901768741191,-0.0436901768741191,18.6,0.870068962783985,0.0584277747892869,81.4,0.870068962783985,0.168939929177559,2000,0,,9.992,0.0325900000000036,"Truncated CATs",4
"S1C003",10,40,0,"Null",0,1,1,1,"bad_leverage","Bad leverage",0.05,0.375,4,2000,0.05,"ri,cr2,cats,cats_trunc,cats_robust,cats_robustbase",20260815,"G10","cats_robust",-0.0414177104219223,-0.0414177104219223,15.5,0.809243473869268,0.0600680739908684,84.5,0.809243473869268,0.186702442813494,2000,0,,10,0.0666499999999937,"Robust CATs: lmRob",5
"S1C003",10,40,0,"Null",0,1,1,1,"bad_leverage","Bad leverage",0.05,0.375,4,2000,0.05,"ri,cr2,cats,cats_trunc,cats_robust,cats_robustbase",20260815,"G10","cats_robustbase",-0.0436611111670682,-0.0436611111670682,17.75,0.854382086656784,0.0594974450841559,82.25,0.854382086656784,0.174352034996466,2000,0,,10,0.128525000000002,"Robust CATs: lmrob",6
"S1C004",10,40,0.1,"Alternative",0,1,1,1,"none","Clean",0.05,0,0,2000,0.05,"ri,cr2,cats,cats_trunc,cats_robust,cats_robustbase",20260815,"G10","ri",0.100238179957374,0.000238179957373663,50.6506506506507,1.11849871087616,0.0516055999286673,94.5445445445445,0.508084565387622,0.199305506066304,1998,0.1,0,10,0.265955000000003,"Random intercept (KR)",1
"S1C004",10,40,0.1,"Alternative",0,1,1,1,"none","Clean",0.05,0,0,2000,0.05,"ri,cr2,cats,cats_trunc,cats_robust,cats_robustbase",20260815,"G10","cr2",0.102541215966688,0.00254121596668816,27.7,1.00067727065223,0.0719729431779698,94.7,0.50095408971282,0.303140352072727,2000,0,,10,0.0512149999999954,"OLS with CR2",2
"S1C004",10,40,0.1,"Alternative",0,1,1,1,"none","Clean",0.05,0,0,2000,0.05,"ri,cr2,cats,cats_trunc,cats_robust,cats_robustbase",20260815,"G10","cats",0.100177439068627,0.000177439068627317,40.7,1.09852400975127,0.0526072043817319,94.75,0.498717104178311,0.227770331138891,2000,0,,10,0.0316799999999953,"CATs",3
"S1C004",10,40,0.1,"Alternative",0,1,1,1,"none","Clean",0.05,0,0,2000,0.05,"ri,cr2,cats,cats_trunc,cats_robust,cats_robustbase",20260815,"G10","cats_trunc",0.100102269433252,0.000102269433252114,40.65,1.09831177267659,0.0527317797556003,94.55,0.507591124823908,0.227659418316815,2000,0,,9.9905,0.0322649999999981,"Truncated CATs",4
"S1C004",10,40,0.1,"Alternative",0,1,1,1,"none","Clean",0.05,0,0,2000,0.05,"ri,cr2,cats,cats_trunc,cats_robust,cats_robustbase",20260815,"G10","cats_robust",0.100086982074638,8.69820746377545e-05,36.3,1.07524648337021,0.0566847675801998,94.8,0.496467521596328,0.247197368485602,2000,0,,10,0.0663099999999984,"Robust CATs: lmRob",5
"S1C004",10,40,0.1,"Alternative",0,1,1,1,"none","Clean",0.05,0,0,2000,0.05,"ri,cr2,cats,cats_trunc,cats_robust,cats_robustbase",20260815,"G10","cats_robustbase",0.100116950948919,0.000116950948919075,39.2,1.0916409666186,0.0542300493801481,94.45,0.511955808639769,0.235424645437446,2000,0,,10,0.128444999999996,"Robust CATs: lmrob",6
"S1C005",10,40,0.1,"Alternative",0,1,1,1,"vertical","Vertical outliers",0.05,6,0,2000,0.05,"ri,cr2,cats,cats_trunc,cats_robust,cats_robustbase",20260815,"G10","ri",0.101868836996268,0.00186883699626837,21.8609304652326,0.924404481101808,0.0840053263994038,94.7473736868434,0.498959672160204,0.333555430849502,1999,0.05,0,10,0.266390000000002,"Random intercept (KR)",1
"S1C005",10,40,0.1,"Alternative",0,1,1,1,"vertical","Vertical outliers",0.05,6,0,2000,0.05,"ri,cr2,cats,cats_trunc,cats_robust,cats_robustbase",20260815,"G10","cr2",0.104217667840525,0.00421766784052509,16.2,0.823881059376898,0.096860062593729,94.85,0.494205169944629,0.422578102892054,2000,0,,10,0.0524599999999928,"OLS with CR2",2
"S1C005",10,40,0.1,"Alternative",0,1,1,1,"vertical","Vertical outliers",0.05,6,0,2000,0.05,"ri,cr2,cats,cats_trunc,cats_robust,cats_robustbase",20260815,"G10","cats",0.101089314325737,0.00108931432573721,17.3,0.845786616115436,0.085753823343633,94.2,0.522666241496426,0.379499035335455,2000,0,,10,0.0318200000000129,"CATs",3
"S1C005",10,40,0.1,"Alternative",0,1,1,1,"vertical","Vertical outliers",0.05,6,0,2000,0.05,"ri,cr2,cats,cats_trunc,cats_robust,cats_robustbase",20260815,"G10","cats_trunc",0.100968999837244,0.000968999837244346,17.3,0.845786616115436,0.0857997224064691,94.1,0.526872849936301,0.379221398015942,2000,0,,9.993,0.0329299999999967,"Truncated CATs",4
"S1C005",10,40,0.1,"Alternative",0,1,1,1,"vertical","Vertical outliers",0.05,6,0,2000,0.05,"ri,cr2,cats,cats_trunc,cats_robust,cats_robustbase",20260815,"G10","cats_robust",0.0998070345857242,-0.000192965414275782,35.35,1.06896620620111,0.0564709879060405,94.95,0.489641450451246,0.24741920841855,2000,0,,10,0.0656799999999944,"Robust CATs: lmRob",5
"S1C005",10,40,0.1,"Alternative",0,1,1,1,"vertical","Vertical outliers",0.05,6,0,2000,0.05,"ri,cr2,cats,cats_trunc,cats_robust,cats_robustbase",20260815,"G10","cats_robustbase",0.100450097971496,0.000450097971495917,36.95,1.07928158976238,0.0553321871285319,94.95,0.489641450451246,0.24210881652844,2000,0,,10,0.129435000000004,"Robust CATs: lmrob",6
"S1C006",10,40,0.1,"Alternative",0,1,1,1,"bad_leverage","Bad leverage",0.05,0.375,4,2000,0.05,"ri,cr2,cats,cats_trunc,cats_robust,cats_robustbase",20260815,"G10","ri",0.011271110098361,-0.088728889901639,6.15615615615616,0.537724675205298,0.0968179349828411,37.3873873873874,1.08241980496306,0.15169051307601,1998,0.1,0,10,0.265184999999999,"Random intercept (KR)",1
"S1C006",10,40,0.1,"Alternative",0,1,1,1,"bad_leverage","Bad leverage",0.05,0.375,4,2000,0.05,"ri,cr2,cats,cats_trunc,cats_robust,cats_robustbase",20260815,"G10","cr2",0.0138061523230007,-0.0861938476769993,6.35,0.5452877680638,0.10158197995353,65.9,1.05999764150681,0.228753725451554,2000,0,,10,0.0509350000000081,"OLS with CR2",2
"S1C006",10,40,0.1,"Alternative",0,1,1,1,"bad_leverage","Bad leverage",0.05,0.375,4,2000,0.05,"ri,cr2,cats,cats_trunc,cats_robust,cats_robustbase",20260815,"G10","cats",0.00996928995844968,-0.0900307100415503,5.45,0.507591124823908,0.0980726199694007,46.65,1.11552173891861,0.170018997684576,2000,0,,10,0.0315949999999893,"CATs",3
"S1C006",10,40,0.1,"Alternative",0,1,1,1,"bad_leverage","Bad leverage",0.05,0.375,4,2000,0.05,"ri,cr2,cats,cats_trunc,cats_robust,cats_robustbase",20260815,"G10","cats_trunc",0.0098809743979157,-0.0901190256020843,5.45,0.507591124823908,0.0981599367383585,46.45,1.11521242371129,0.169897349991782,2000,0,,9.993,0.0318499999999954,"Truncated CATs",4
"S1C006",10,40,0.1,"Alternative",0,1,1,1,"bad_leverage","Bad leverage",0.05,0.375,4,2000,0.05,"ri,cr2,cats,cats_trunc,cats_robust,cats_robustbase",20260815,"G10","cats_robust",0.0162348496301607,-0.0837651503698393,5.6,0.514120608417908,0.0954542341433,58.2,1.10289618731774,0.194054608207709,2000,0,,10,0.0666900000000041,"Robust CATs: lmRob",5
"S1C006",10,40,0.1,"Alternative",0,1,1,1,"bad_leverage","Bad leverage",0.05,0.375,4,2000,0.05,"ri,cr2,cats,cats_trunc,cats_robust,cats_robustbase",20260815,"G10","cats_robustbase",0.0103974988866319,-0.0896025011133681,5.5,0.509779364038993,0.0985044660733389,49,1.11781035958699,0.176691974920597,2000,0,,10,0.129785000000006,"Robust CATs: lmrob",6
"S1C007",20,40,0,"Null",0,1,1,1,"none","Clean",0.05,0,0,2000,0.05,"ri,cr2,cats,cats_trunc,cats_robust,cats_robustbase",20260816,"G20","ri",0.000894220255281546,0.000894220255281546,4.9,0.482695556225661,0.0355690010406486,95.1,0.482695556225661,0.140510792217804,2000,0,0,20,0.318200000000013,"Random intercept (KR)",1
"S1C007",20,40,0,"Null",0,1,1,1,"none","Clean",0.05,0,0,2000,0.05,"ri,cr2,cats,cats_trunc,cats_robust,cats_robustbase",20260816,"G20","cr2",0.000394341297006906,0.000394341297006906,4.6,0.468422885862764,0.047860224414977,95.4,0.468422885862764,0.203701128138575,2000,0,,20,0.0955449999999814,"OLS with CR2",2
"S1C007",20,40,0,"Null",0,1,1,1,"none","Clean",0.05,0,0,2000,0.05,"ri,cr2,cats,cats_trunc,cats_robust,cats_robustbase",20260816,"G20","cats",0.000761996492514052,0.000761996492514052,5.6,0.514120608417908,0.0368065205207618,94.4,0.514120608417908,0.151749572580637,2000,0,,20,0.0620550000000017,"CATs",3
"S1C007",20,40,0,"Null",0,1,1,1,"none","Clean",0.05,0,0,2000,0.05,"ri,cr2,cats,cats_trunc,cats_robust,cats_robustbase",20260816,"G20","cats_trunc",0.000791468553697639,0.000791468553697639,5.6,0.514120608417908,0.036804783844581,94.4,0.514120608417908,0.151694836566512,2000,0,,19.999,0.0627400000000139,"Truncated CATs",4
"S1C007",20,40,0,"Null",0,1,1,1,"none","Clean",0.05,0,0,2000,0.05,"ri,cr2,cats,cats_trunc,cats_robust,cats_robustbase",20260816,"G20","cats_robust",0.000560307673406793,0.000560307673406793,5.45,0.507591124823908,0.040574563928747,94.55,0.507591124823908,0.164704309327953,2000,0,,20,0.130864999999981,"Robust CATs: lmRob",5
"S1C007",20,40,0,"Null",0,1,1,1,"none","Clean",0.05,0,0,2000,0.05,"ri,cr2,cats,cats_trunc,cats_robust,cats_robustbase",20260816,"G20","cats_robustbase",0.000645536428463058,0.000645536428463058,5.65,0.516273909857936,0.0384246824176689,94.35,0.516273909857936,0.156691254775781,2000,0,,20,0.251055000000012,"Robust CATs: lmrob",6
"S1C008",20,40,0,"Null",0,1,1,1,"vertical","Vertical outliers",0.05,6,0,2000,0.05,"ri,cr2,cats,cats_trunc,cats_robust,cats_robustbase",20260816,"G20","ri",-0.000591839966957845,-0.000591839966957845,5,0.487339717240448,0.0602677811853889,95,0.487339717240448,0.234903852172911,2000,0,0,20,0.318015000000004,"Random intercept (KR)",1
"S1C008",20,40,0,"Null",0,1,1,1,"vertical","Vertical outliers",0.05,6,0,2000,0.05,"ri,cr2,cats,cats_trunc,cats_robust,cats_robustbase",20260816,"G20","cr2",-0.000798659306815765,-0.000798659306815765,4.4,0.458606585212206,0.0674734273046586,95.6,0.458606585212206,0.283530869975381,2000,0,,20,0.0926100000000133,"OLS with CR2",2
"S1C008",20,40,0,"Null",0,1,1,1,"vertical","Vertical outliers",0.05,6,0,2000,0.05,"ri,cr2,cats,cats_trunc,cats_robust,cats_robustbase",20260816,"G20","cats",-0.000594652050459911,-0.000594652050459911,4.6,0.468422885862764,0.0617635970614355,95.4,0.468422885862764,0.253415265064078,2000,0,,20,0.0616149999999943,"CATs",3
"S1C008",20,40,0,"Null",0,1,1,1,"vertical","Vertical outliers",0.05,6,0,2000,0.05,"ri,cr2,cats,cats_trunc,cats_robust,cats_robustbase",20260816,"G20","cats_trunc",-0.000564705763284644,-0.000564705763284644,4.65,0.470838348055891,0.0617826814029342,95.35,0.470838348055891,0.253336262736528,2000,0,,19.9995,0.0617600000000066,"Truncated CATs",4
"S1C008",20,40,0,"Null",0,1,1,1,"vertical","Vertical outliers",0.05,6,0,2000,0.05,"ri,cr2,cats,cats_trunc,cats_robust,cats_robustbase",20260816,"G20","cats_robust",0.000536063369119107,0.000536063369119107,5.65,0.516273909857936,0.0403529971697275,94.35,0.516273909857936,0.164763890466882,2000,0,,20,0.129249999999986,"Robust CATs: lmRob",5
"S1C008",20,40,0,"Null",0,1,1,1,"vertical","Vertical outliers",0.05,6,0,2000,0.05,"ri,cr2,cats,cats_trunc,cats_robust,cats_robustbase",20260816,"G20","cats_robustbase",0.000287214268497271,0.000287214268497271,5.15,0.494205169944629,0.0394851398257065,94.85,0.494205169944629,0.161096099340072,2000,0,,20,0.248484999999991,"Robust CATs: lmrob",6
"S1C009",20,40,0,"Null",0,1,1,1,"bad_leverage","Bad leverage",0.05,0.375,4,2000,0.05,"ri,cr2,cats,cats_trunc,cats_robust,cats_robustbase",20260816,"G20","ri",-0.0431045397510622,-0.0431045397510622,36.55,1.07682345349644,0.0507960447129155,63.45,1.07682345349644,0.106407793922677,2000,0,0,20,0.319560000000007,"Random intercept (KR)",1
"S1C009",20,40,0,"Null",0,1,1,1,"bad_leverage","Bad leverage",0.05,0.375,4,2000,0.05,"ri,cr2,cats,cats_trunc,cats_robust,cats_robustbase",20260816,"G20","cr2",-0.0437033637214543,-0.0437033637214543,21.05,0.911563903409958,0.0566981029801586,78.95,0.911563903409958,0.153434482278448,2000,0,,20,0.0941300000000019,"OLS with CR2",2
"S1C009",20,40,0,"Null",0,1,1,1,"bad_leverage","Bad leverage",0.05,0.375,4,2000,0.05,"ri,cr2,cats,cats_trunc,cats_robust,cats_robustbase",20260816,"G20","cats",-0.0436964558102455,-0.0436964558102455,34,1.05924501414923,0.0514181470112365,66,1.05924501414923,0.112722329801833,2000,0,,20,0.060814999999996,"CATs",3
"S1C009",20,40,0,"Null",0,1,1,1,"bad_leverage","Bad leverage",0.05,0.375,4,2000,0.05,"ri,cr2,cats,cats_trunc,cats_robust,cats_robustbase",20260816,"G20","cats_trunc",-0.0436964558102455,-0.0436964558102455,34,1.05924501414923,0.0514181470112365,66,1.05924501414923,0.112722329801833,2000,0,,20,0.0626150000000443,"Truncated CATs",4
"S1C009",20,40,0,"Null",0,1,1,1,"bad_leverage","Bad leverage",0.05,0.375,4,2000,0.05,"ri,cr2,cats,cats_trunc,cats_robust,cats_robustbase",20260816,"G20","cats_robust",-0.0421149643757563,-0.0421149643757563,26.9,0.991561899227678,0.0520854870729991,73.1,0.991561899227678,0.125539128522358,2000,0,,20,0.130239999999995,"Robust CATs: lmRob",5
"S1C009",20,40,0,"Null",0,1,1,1,"bad_leverage","Bad leverage",0.05,0.375,4,2000,0.05,"ri,cr2,cats,cats_trunc,cats_robust,cats_robustbase",20260816,"G20","cats_robustbase",-0.0443002579843707,-0.0443002579843707,32.75,1.04938970358966,0.0525211030848313,67.25,1.04938970358966,0.116916212026779,2000,0,,20,0.249265000000007,"Robust CATs: lmrob",6
"S1C010",20,40,0.1,"Alternative",0,1,1,1,"none","Clean",0.05,0,0,2000,0.05,"ri,cr2,cats,cats_trunc,cats_robust,cats_robustbase",20260816,"G20","ri",0.100894220260255,0.000894220260255196,80.3,0.889356508943404,0.0355690010699974,95.1,0.482695556225661,0.140510791416723,2000,0,0,20,0.391379999999985,"Random intercept (KR)",1
"S1C010",20,40,0.1,"Alternative",0,1,1,1,"none","Clean",0.05,0,0,2000,0.05,"ri,cr2,cats,cats_trunc,cats_robust,cats_robustbase",20260816,"G20","cr2",0.100394341297007,0.000394341297006908,50.6,1.11795348740455,0.047860224414977,95.4,0.468422885862764,0.203701128138575,2000,0,,20,0.111229999999974,"OLS with CR2",2
"S1C010",20,40,0.1,"Alternative",0,1,1,1,"none","Clean",0.05,0,0,2000,0.05,"ri,cr2,cats,cats_trunc,cats_robust,cats_robustbase",20260816,"G20","cats",0.100761996492514,0.000761996492514051,74.3,0.977115653338948,0.0368065205207618,94.4,0.514120608417908,0.151749572580637,2000,0,,20,0.0788800000000156,"CATs",3
"S1C010",20,40,0.1,"Alternative",0,1,1,1,"none","Clean",0.05,0,0,2000,0.05,"ri,cr2,cats,cats_trunc,cats_robust,cats_robustbase",20260816,"G20","cats_trunc",0.100778567758022,0.000778567758021613,74.3,0.977115653338948,0.0368120057155082,94.4,0.514120608417908,0.151714248444122,2000,0,,19.9995,0.08054,"Truncated CATs",4
"S1C010",20,40,0.1,"Alternative",0,1,1,1,"none","Clean",0.05,0,0,2000,0.05,"ri,cr2,cats,cats_trunc,cats_robust,cats_robustbase",20260816,"G20","cats_robust",0.100560302836998,0.0005603028369982,66.3,1.05695553359638,0.0405745559945495,94.55,0.507591124823908,0.164704301515504,2000,0,,20,0.161829999999998,"Robust CATs: lmRob",5
"S1C010",20,40,0.1,"Alternative",0,1,1,1,"none","Clean",0.05,0,0,2000,0.05,"ri,cr2,cats,cats_trunc,cats_robust,cats_robustbase",20260816,"G20","cats_robustbase",0.100642914693039,0.000642914693038662,71.2,1.01256110926699,0.038421180562007,94.35,0.516273909857936,0.1566884121056,2000,0,,20,0.319765000000004,"Robust CATs: lmrob",6
"S1C011",20,40,0.1,"Alternative",0,1,1,1,"vertical","Vertical outliers",0.05,6,0,2000,0.05,"ri,cr2,cats,cats_trunc,cats_robust,cats_robustbase",20260816,"G20","ri",0.099408160039678,-0.000591839960322026,38.6,1.08858623911935,0.0602677811840609,95,0.487339717240448,0.234903852180698,2000,0,0,20,0.448760000000005,"Random intercept (KR)",1
"S1C011",20,40,0.1,"Alternative",0,1,1,1,"vertical","Vertical outliers",0.05,6,0,2000,0.05,"ri,cr2,cats,cats_trunc,cats_robust,cats_robustbase",20260816,"G20","cr2",0.0992013406931842,-0.000798659306815772,28.2,1.00617095962863,0.0674734273046586,95.6,0.458606585212206,0.283530869975381,2000,0,,20,0.125980000000022,"OLS with CR2",2
"S1C011",20,40,0.1,"Alternative",0,1,1,1,"vertical","Vertical outliers",0.05,6,0,2000,0.05,"ri,cr2,cats,cats_trunc,cats_robust,cats_robustbase",20260816,"G20","cats",0.0994053479495401,-0.000594652050459911,33.05,1.05183114139105,0.0617635970614355,95.4,0.468422885862764,0.253415265064078,2000,0,,20,0.0918600000000242,"CATs",3
"S1C011",20,40,0.1,"Alternative",0,1,1,1,"vertical","Vertical outliers",0.05,6,0,2000,0.05,"ri,cr2,cats,cats_trunc,cats_robust,cats_robustbase",20260816,"G20","cats_trunc",0.0994352942367154,-0.000564705763284644,33.1,1.05223333914109,0.0617826814029342,95.35,0.470838348055891,0.253336262736528,2000,0,,19.9995,0.0932050000000118,"Truncated CATs",4
"S1C011",20,40,0.1,"Alternative",0,1,1,1,"vertical","Vertical outliers",0.05,6,0,2000,0.05,"ri,cr2,cats,cats_trunc,cats_robust,cats_robustbase",20260816,"G20","cats_robust",0.100536061157183,0.000536061157183174,66.35,1.05656933042749,0.0403529975370126,94.35,0.516273909857936,0.164763889661047,2000,0,,20,0.186409999999986,"Robust CATs: lmRob",5
"S1C011",20,40,0.1,"Alternative",0,1,1,1,"vertical","Vertical outliers",0.05,6,0,2000,0.05,"ri,cr2,cats,cats_trunc,cats_robust,cats_robustbase",20260816,"G20","cats_robustbase",0.10027334479513,0.000273344795129555,67.7,1.04563616999413,0.039487672806756,94.85,0.494205169944629,0.161085659913918,2000,0,,20,0.375074999999994,"Robust CATs: lmrob",6
"S1C012",20,40,0.1,"Alternative",0,1,1,1,"bad_leverage","Bad leverage",0.05,0.375,4,2000,0.05,"ri,cr2,cats,cats_trunc,cats_robust,cats_robustbase",20260816,"G20","ri",0.0111435887805002,-0.0888564112194998,6.45322661330665,0.54953640364716,0.0928600289586158,9.50475237618809,0.655959298465766,0.107107732189333,1999,0.05,0,20,0.445875000000015,"Random intercept (KR)",1
"S1C012",20,40,0.1,"Alternative",0,1,1,1,"bad_leverage","Bad leverage",0.05,0.375,4,2000,0.05,"ri,cr2,cats,cats_trunc,cats_robust,cats_robustbase",20260816,"G20","cr2",0.0105487499985534,-0.0894512500014466,4.75,0.475624589355933,0.0964841012286755,37,1.07958325292679,0.153920856273717,2000,0,,20,0.125744999999988,"OLS with CR2",2
"S1C012",20,40,0.1,"Alternative",0,1,1,1,"bad_leverage","Bad leverage",0.05,0.375,4,2000,0.05,"ri,cr2,cats,cats_trunc,cats_robust,cats_robustbase",20260816,"G20","cats",0.00988939014787316,-0.0901106098521268,7.15,0.576141258720463,0.0941274518771162,12.3,0.734407924793844,0.113345238431415,2000,0,,20,0.0910600000000049,"CATs",3
"S1C012",20,40,0.1,"Alternative",0,1,1,1,"bad_leverage","Bad leverage",0.05,0.375,4,2000,0.05,"ri,cr2,cats,cats_trunc,cats_robust,cats_robustbase",20260816,"G20","cats_trunc",0.00988939014787316,-0.0901106098521268,7.15,0.576141258720463,0.0941274518771162,12.3,0.734407924793844,0.113345238431415,2000,0,,20,0.0928499999999967,"Truncated CATs",4
"S1C012",20,40,0.1,"Alternative",0,1,1,1,"bad_leverage","Bad leverage",0.05,0.375,4,2000,0.05,"ri,cr2,cats,cats_trunc,cats_robust,cats_robustbase",20260816,"G20","cats_robust",0.0155073746171118,-0.0844926253828883,7.2,0.57799653978203,0.0902939125748298,28.8,1.01256110926699,0.130900290610693,2000,0,,20,0.186445000000018,"Robust CATs: lmRob",5
"S1C012",20,40,0.1,"Alternative",0,1,1,1,"bad_leverage","Bad leverage",0.05,0.375,4,2000,0.05,"ri,cr2,cats,cats_trunc,cats_robust,cats_robustbase",20260816,"G20","cats_robustbase",0.00975054747264815,-0.0902494525273519,5.8,0.522666241496426,0.094646431227266,16,0.819756061276768,0.118532160338581,2000,0,,20,0.372810000000021,"Robust CATs: lmrob",6
"S1C013",40,40,0,"Null",0,1,1,1,"none","Clean",0.05,0,0,2000,0.05,"ri,cr2,cats,cats_trunc,cats_robust,cats_robustbase",20260817,"G40","ri",0.000597455519823803,0.000597455519823803,5.6,0.514120608417908,0.0254307885371576,94.4,0.514120608417908,0.0992719476625611,2000,0,0,40,0.603244999999957,"Random intercept (KR)",1
"S1C013",40,40,0,"Null",0,1,1,1,"none","Clean",0.05,0,0,2000,0.05,"ri,cr2,cats,cats_trunc,cats_robust,cats_robustbase",20260817,"G40","cr2",0.000542771985655374,0.000542771985655374,4.5,0.463546114210873,0.0349620694874299,95.5,0.463546114210873,0.141179444969579,2000,0,,40,0.234765000000005,"OLS with CR2",2
"S1C013",40,40,0,"Null",0,1,1,1,"none","Clean",0.05,0,0,2000,0.05,"ri,cr2,cats,cats_trunc,cats_robust,cats_robustbase",20260817,"G40","cats",0.000639907555983447,0.000639907555983447,5.7,0.518415856238985,0.0261338242926386,94.3,0.518415856238985,0.104841345053184,2000,0,,40,0.188040000000008,"CATs",3
"S1C013",40,40,0,"Null",0,1,1,1,"none","Clean",0.05,0,0,2000,0.05,"ri,cr2,cats,cats_trunc,cats_robust,cats_robustbase",20260817,"G40","cats_trunc",0.000632307686251299,0.000632307686251299,5.7,0.518415856238985,0.0261340034993557,94.3,0.518415856238985,0.104832513119351,2000,0,,39.9995,0.188650000000052,"Truncated CATs",4
"S1C013",40,40,0,"Null",0,1,1,1,"none","Clean",0.05,0,0,2000,0.05,"ri,cr2,cats,cats_trunc,cats_robust,cats_robustbase",20260817,"G40","cats_robust",0.000612744764241951,0.000612744764241951,5.45,0.507591124823908,0.0284344513064327,94.55,0.507591124823908,0.113556454437809,2000,0,,40,0.373695000000007,"Robust CATs: lmRob",5
"S1C013",40,40,0,"Null",0,1,1,1,"none","Clean",0.05,0,0,2000,0.05,"ri,cr2,cats,cats_trunc,cats_robust,cats_robustbase",20260817,"G40","cats_robustbase",0.000792027511488324,0.000792027511488324,5.35,0.503178646208283,0.02718024801509,94.65,0.503178646208282,0.108288742956934,2000,0,,40,0.755449999999997,"Robust CATs: lmrob",6
"S1C014",40,40,0,"Null",0,1,1,1,"vertical","Vertical outliers",0.05,6,0,2000,0.05,"ri,cr2,cats,cats_trunc,cats_robust,cats_robustbase",20260817,"G40","ri",-0.000230185448015338,-0.000230185448015338,5.65,0.516273909857936,0.0432638975287272,94.35,0.516273909857936,0.166088941653278,2000,0,0,40,0.588329999999969,"Random intercept (KR)",1
"S1C014",40,40,0,"Null",0,1,1,1,"vertical","Vertical outliers",0.05,6,0,2000,0.05,"ri,cr2,cats,cats_trunc,cats_robust,cats_robustbase",20260817,"G40","cr2",-0.000204394321279073,-0.000204394321279073,5.3,0.50095408971282,0.0497608055783161,94.7,0.50095408971282,0.19585684181707,2000,0,,40,0.226874999999984,"OLS with CR2",2
"S1C014",40,40,0,"Null",0,1,1,1,"vertical","Vertical outliers",0.05,6,0,2000,0.05,"ri,cr2,cats,cats_trunc,cats_robust,cats_robustbase",20260817,"G40","cats",-0.00020349561422753,-0.00020349561422753,5.6,0.514120608417908,0.0440431285625761,94.4,0.514120608417908,0.174911711585204,2000,0,,40,0.184600000000035,"CATs",3
"S1C014",40,40,0,"Null",0,1,1,1,"vertical","Vertical outliers",0.05,6,0,2000,0.05,"ri,cr2,cats,cats_trunc,cats_robust,cats_robustbase",20260817,"G40","cats_trunc",-0.00020349561422753,-0.00020349561422753,5.6,0.514120608417908,0.0440431285625761,94.4,0.514120608417908,0.174911711585204,2000,0,,40,0.18691499999999,"Truncated CATs",4
"S1C014",40,40,0,"Null",0,1,1,1,"vertical","Vertical outliers",0.05,6,0,2000,0.05,"ri,cr2,cats,cats_trunc,cats_robust,cats_robustbase",20260817,"G40","cats_robust",0.000367256499557847,0.000367256499557847,5.6,0.514120608417908,0.0284813929286264,94.4,0.514120608417908,0.113993268677443,2000,0,,40,0.371034999999994,"Robust CATs: lmRob",5
"S1C014",40,40,0,"Null",0,1,1,1,"vertical","Vertical outliers",0.05,6,0,2000,0.05,"ri,cr2,cats,cats_trunc,cats_robust,cats_robustbase",20260817,"G40","cats_robustbase",0.000561078714758,0.000561078714758,5.45,0.507591124823908,0.0278200426592069,94.55,0.507591124823908,0.11169633779507,2000,0,,40,0.738699999999975,"Robust CATs: lmrob",6
"S1C015",40,40,0,"Null",0,1,1,1,"bad_leverage","Bad leverage",0.05,0.375,4,2000,0.05,"ri,cr2,cats,cats_trunc,cats_robust,cats_robustbase",20260817,"G40","ri",-0.0422994864633162,-0.0422994864633162,60.5,1.09310338028935,0.0463135288467278,39.5,1.09310338028935,0.0751835935009105,2000,0,0,40,0.589440000000093,"Random intercept (KR)",1
"S1C015",40,40,0,"Null",0,1,1,1,"bad_leverage","Bad leverage",0.05,0.375,4,2000,0.05,"ri,cr2,cats,cats_trunc,cats_robust,cats_robustbase",20260817,"G40","cr2",-0.0418438551510015,-0.0418438551510015,34.65,1.06404358463364,0.049174958052157,65.35,1.06404358463364,0.105944891225583,2000,0,,40,0.228579999999962,"OLS with CR2",2
"S1C015",40,40,0,"Null",0,1,1,1,"bad_leverage","Bad leverage",0.05,0.375,4,2000,0.05,"ri,cr2,cats,cats_trunc,cats_robust,cats_robustbase",20260817,"G40","cats",-0.0429169113401676,-0.0429169113401676,58,1.10363037290571,0.0469686761617016,42,1.10363037290571,0.0776409361900273,2000,0,,40,0.184844999999965,"CATs",3
"S1C015",40,40,0,"Null",0,1,1,1,"bad_leverage","Bad leverage",0.05,0.375,4,2000,0.05,"ri,cr2,cats,cats_trunc,cats_robust,cats_robustbase",20260817,"G40","cats_trunc",-0.0429169113401676,-0.0429169113401676,58,1.10363037290571,0.0469686761617016,42,1.10363037290571,0.0776409361900273,2000,0,,40,0.187045000000051,"Truncated CATs",4
"S1C015",40,40,0,"Null",0,1,1,1,"bad_leverage","Bad leverage",0.05,0.375,4,2000,0.05,"ri,cr2,cats,cats_trunc,cats_robust,cats_robustbase",20260817,"G40","cats_robust",-0.0407409916236682,-0.0407409916236682,45.7,1.11389182598671,0.0460651997593025,54.3,1.11389182598671,0.0867848486476526,2000,0,,40,0.370215000000037,"Robust CATs: lmRob",5
"S1C015",40,40,0,"Null",0,1,1,1,"bad_leverage","Bad leverage",0.05,0.375,4,2000,0.05,"ri,cr2,cats,cats_trunc,cats_robust,cats_robustbase",20260817,"G40","cats_robustbase",-0.0431241836253441,-0.0431241836253441,55.25,1.11185374487834,0.0474462074080543,44.75,1.11185374487834,0.0804593134384926,2000,0,,40,0.735979999999965,"Robust CATs: lmrob",6
"S1C016",40,40,0.1,"Alternative",0,1,1,1,"none","Clean",0.05,0,0,2000,0.05,"ri,cr2,cats,cats_trunc,cats_robust,cats_robustbase",20260817,"G40","ri",0.100597455563809,0.000597455563809339,97.15,0.37207358143249,0.0254307884047061,94.4,0.514120608417908,0.0992719472196533,2000,0,0,40,0.588830000000045,"Random intercept (KR)",1
"S1C016",40,40,0.1,"Alternative",0,1,1,1,"none","Clean",0.05,0,0,2000,0.05,"ri,cr2,cats,cats_trunc,cats_robust,cats_robustbase",20260817,"G40","cr2",0.100542771985655,0.000542771985655381,79.1,0.909172700866012,0.0349620694874299,95.5,0.463546114210873,0.141179444969579,2000,0,,40,0.225050000000043,"OLS with CR2",2
"S1C016",40,40,0.1,"Alternative",0,1,1,1,"none","Clean",0.05,0,0,2000,0.05,"ri,cr2,cats,cats_trunc,cats_robust,cats_robustbase",20260817,"G40","cats",0.100639907555983,0.000639907555983447,96.35,0.41933131292571,0.0261338242926386,94.3,0.518415856238985,0.104841345053184,2000,0,,40,0.18722500000002,"CATs",3
"S1C016",40,40,0.1,"Alternative",0,1,1,1,"none","Clean",0.05,0,0,2000,0.05,"ri,cr2,cats,cats_trunc,cats_robust,cats_robustbase",20260817,"G40","cats_trunc",0.100632307686251,0.000632307686251299,96.35,0.41933131292571,0.0261340034993557,94.3,0.518415856238985,0.104832513119351,2000,0,,39.9995,0.188169999999944,"Truncated CATs",4
"S1C016",40,40,0.1,"Alternative",0,1,1,1,"none","Clean",0.05,0,0,2000,0.05,"ri,cr2,cats,cats_trunc,cats_robust,cats_robustbase",20260817,"G40","cats_robust",0.100612743650329,0.000612743650329289,92.9,0.57427780733718,0.0284344526120428,94.55,0.507591124823908,0.113556458359622,2000,0,,40,0.37255999999995,"Robust CATs: lmRob",5
"S1C016",40,40,0.1,"Alternative",0,1,1,1,"none","Clean",0.05,0,0,2000,0.05,"ri,cr2,cats,cats_trunc,cats_robust,cats_robustbase",20260817,"G40","cats_robustbase",0.100778401983828,0.000778401983827645,95.45,0.465992220965114,0.0271663798726327,94.65,0.503178646208282,0.108284137629506,2000,0,,40,0.741070000000022,"Robust CATs: lmrob",6
"S1C017",40,40,0.1,"Alternative",0,1,1,1,"vertical","Vertical outliers",0.05,6,0,2000,0.05,"ri,cr2,cats,cats_trunc,cats_robust,cats_robustbase",20260817,"G40","ri",0.0997698146671283,-0.000230185332871685,64.55,1.06964889099181,0.0432638975812535,94.35,0.516273909857936,0.166088941249037,2000,0,0,40,0.595470000000019,"Random intercept (KR)",1
"S1C017",40,40,0.1,"Alternative",0,1,1,1,"vertical","Vertical outliers",0.05,6,0,2000,0.05,"ri,cr2,cats,cats_trunc,cats_robust,cats_robustbase",20260817,"G40","cr2",0.0997956056787209,-0.000204394321279079,50.9,1.1178528525705,0.0497608055783161,94.7,0.50095408971282,0.19585684181707,2000,0,,40,0.229509999999922,"OLS with CR2",2
"S1C017",40,40,0.1,"Alternative",0,1,1,1,"vertical","Vertical outliers",0.05,6,0,2000,0.05,"ri,cr2,cats,cats_trunc,cats_robust,cats_robustbase",20260817,"G40","cats",0.0997965043857725,-0.00020349561422753,60.55,1.0928626400422,0.0440431285625761,94.4,0.514120608417908,0.174911711585204,2000,0,,40,0.186949999999961,"CATs",3
"S1C017",40,40,0.1,"Alternative",0,1,1,1,"vertical","Vertical outliers",0.05,6,0,2000,0.05,"ri,cr2,cats,cats_trunc,cats_robust,cats_robustbase",20260817,"G40","cats_trunc",0.0997965043857725,-0.00020349561422753,60.55,1.0928626400422,0.0440431285625761,94.4,0.514120608417908,0.174911711585204,2000,0,,40,0.188090000000058,"Truncated CATs",4
"S1C017",40,40,0.1,"Alternative",0,1,1,1,"vertical","Vertical outliers",0.05,6,0,2000,0.05,"ri,cr2,cats,cats_trunc,cats_robust,cats_robustbase",20260817,"G40","cats_robust",0.100367262821012,0.000367262821011832,92.7,0.581682903307291,0.0284813902129194,94.4,0.514120608417908,0.113993261814987,2000,0,,40,0.369850000000028,"Robust CATs: lmRob",5
"S1C017",40,40,0.1,"Alternative",0,1,1,1,"vertical","Vertical outliers",0.05,6,0,2000,0.05,"ri,cr2,cats,cats_trunc,cats_robust,cats_robustbase",20260817,"G40","cats_robustbase",0.100555151945721,0.000555151945721022,94.25,0.520546587732549,0.0278166536980846,94.55,0.507591124823908,0.111697959692746,2000,0,,40,0.740654999999941,"Robust CATs: lmrob",6
"S1C018",40,40,0.1,"Alternative",0,1,1,1,"bad_leverage","Bad leverage",0.05,0.375,4,2000,0.05,"ri,cr2,cats,cats_trunc,cats_robust,cats_robustbase",20260817,"G40","ri",0.0119677104639573,-0.0880322895360427,9.35,0.650990591329859,0.0900583185257883,0.5,0.157718102955875,0.0756692559784956,2000,0,0,40,0.588644999999953,"Random intercept (KR)",1
"S1C018",40,40,0.1,"Alternative",0,1,1,1,"bad_leverage","Bad leverage",0.05,0.375,4,2000,0.05,"ri,cr2,cats,cats_trunc,cats_robust,cats_robustbase",20260817,"G40","cr2",0.0124196889742698,-0.0875803110257302,6.5,0.551248582764618,0.0913428067535923,9.9,0.667828570817392,0.106250988711033,2000,0,,40,0.2268849999999,"OLS with CR2",2
"S1C018",40,40,0.1,"Alternative",0,1,1,1,"bad_leverage","Bad leverage",0.05,0.375,4,2000,0.05,"ri,cr2,cats,cats_trunc,cats_robust,cats_robustbase",20260817,"G40","cats",0.0106592059007028,-0.0893407940992972,8.25,0.61519813881383,0.0913844324436733,0.5,0.157718102955875,0.0780840335965878,2000,0,,40,0.187099999999948,"CATs",3
"S1C018",40,40,0.1,"Alternative",0,1,1,1,"bad_leverage","Bad leverage",0.05,0.375,4,2000,0.05,"ri,cr2,cats,cats_trunc,cats_robust,cats_robustbase",20260817,"G40","cats_trunc",0.0106592059007028,-0.0893407940992972,8.25,0.61519813881383,0.0913844324436733,0.5,0.157718102955875,0.0780840335965878,2000,0,,40,0.188980000000018,"Truncated CATs",4
"S1C018",40,40,0.1,"Alternative",0,1,1,1,"bad_leverage","Bad leverage",0.05,0.375,4,2000,0.05,"ri,cr2,cats,cats_trunc,cats_robust,cats_robustbase",20260817,"G40","cats_robust",0.0168337333677999,-0.0831662666322001,10.4,0.682583328246449,0.0861375053020779,6.25,0.541265877365274,0.0905580078898102,2000,0,,40,0.369555000000073,"Robust CATs: lmRob",5
"S1C018",40,40,0.1,"Alternative",0,1,1,1,"bad_leverage","Bad leverage",0.05,0.375,4,2000,0.05,"ri,cr2,cats,cats_trunc,cats_robust,cats_robustbase",20260817,"G40","cats_robustbase",0.0110669688754079,-0.0889330311245921,7.3,0.581682903307292,0.0911843044507824,1.15,0.23840878758972,0.0818603933221808,2000,0,,40,0.736845000000052,"Robust CATs: lmrob",6
