"condition_id","study","n_clusters","random_slope_sd","contamination","contamination_label","model","model_label","reps","fit_available_rate","inference_complete_rate","usable_rate","convergence_code_available_rate","convergence_failure_rate","boundary_fit_rate","fit_warning_rate","fit_message_rate","inference_warning_rate","inference_message_rate","fit_error_rate","inference_error_rate","mean_fit_sec","mean_inference_sec","mean_total_sec","maximum_total_sec","mean_estimated_random_intercept_sd","mean_estimated_random_slope_sd","mean_residual_weight","minimum_residual_weight","mean_prop_residual_weights_below_0_8","mean_random_effect_weight","minimum_random_effect_weight"
"RMM001","Study 1",10,0,"none","Clean","study1_robust_ri","Study 1 robust random intercept",5,100,100,100,100,0,0,0,0,0,0,0,0,3.516,9.04,12.824,14.45,0.911082375558701,,0.960144896843523,0.355203739707234,0.088,0.966515674942843,0.528967648923385
"RMM002","Study 1",10,0,"vertical","Vertical outliers","study1_robust_ri","Study 1 robust random intercept",5,100,100,100,100,0,0,0,0,0,0,0,0,4.84,9.356,14.47,16.12,0.908081880567074,,0.936991523684064,0.167579560048813,0.1095,0.96634126909663,0.558221970471463
"RMM003","Study 1",10,0,"bad_leverage","Bad leverage","study1_robust_ri","Study 1 robust random intercept",5,100,100,100,100,0,0,0,0,0,0,0,0,3.51600000000001,8.972,12.756,14.35,0.904770017296816,,0.961388334379152,0.355973756054227,0.0845,0.966204869799235,0.515034387382735
"RMM004","Study 1",20,0,"none","Clean","study1_robust_ri","Study 1 robust random intercept",5,100,100,100,100,0,0,0,0,0,0,0,0,5.81599999999999,19.634,25.978,28.9,0.942760712594132,,0.958792690287988,0.347043104126306,0.09325,0.979742986526872,0.407163394101766
"RMM005","Study 1",20,0,"vertical","Vertical outliers","study1_robust_ri","Study 1 robust random intercept",5,100,100,100,100,0,0,0,0,0,0,0,0,8.01200000000001,21.194,29.734,32.17,0.923497234674305,,0.935351060363072,0.150252293370916,0.11275,0.979772483018186,0.394862115567228
"RMM006","Study 1",20,0,"bad_leverage","Bad leverage","study1_robust_ri","Study 1 robust random intercept",5,100,100,100,100,0,0,0,0,0,0,0,0,5.48000000000004,19.586,25.594,28.3000000000001,0.942386190023866,,0.958856947937301,0.339104386666056,0.0945,0.97978090795978,0.408226401974876
"RMM007","Study 1",40,0,"none","Clean","study1_robust_ri","Study 1 robust random intercept",5,100,100,100,100,0,0,0,0,0,0,0,0,11.19,46.836,59.454,63.33,1.03242979962251,,0.96118899908797,0.338010249790159,0.08725,0.958911157584639,0.452375697237951
"RMM008","Study 1",40,0,"vertical","Vertical outliers","study1_robust_ri","Study 1 robust random intercept",5,100,100,100,100,0,0,0,0,0,0,0,0,15.184,51.516,68.03,71.4499999999999,1.02364959909397,,0.937441794156817,0.171171731706249,0.106125,0.958733552668255,0.450263463912017
"RMM009","Study 1",40,0,"bad_leverage","Bad leverage","study1_robust_ri","Study 1 robust random intercept",5,100,100,100,100,0,0,0,0,0,0,0,0,11.0259999999999,46.6880000000001,59.038,62.47,1.03088572494435,,0.960890177935855,0.343972091617289,0.08675,0.958817388638935,0.454605714213283
"RMM010","Study 2",10,0.05,"none","Clean","study2_robust_ri","Study 2 robust random intercept",5,100,100,100,100,0,0,0,0,0,0,0,0,3.496,8.75,12.528,13.8900000000001,1.03376979462999,,0.95948999838466,0.408415712650215,0.0895,0.977869061127002,0.690110719590221
"RMM011","Study 2",10,0.05,"none","Clean","study2_robust_rs","Study 2 robust random slope",5,100,100,100,100,0,80,0,20,0,0,0,0,9.62399999999993,15.6640000000001,25.582,40.3800000000001,1.03316302655324,0.0237390930351182,0.959748218601217,0.408415732197496,0.089,0.988899960458353,0.689278594386817
"RMM012","Study 2",10,0.05,"vertical","Vertical outliers","study2_robust_ri","Study 2 robust random intercept",5,100,100,100,100,0,0,0,0,0,0,0,0,4.64200000000005,9.16999999999998,14.094,16.75,1.0296264627794,,0.93541855643892,0.181008413485109,0.112,0.978814442876797,0.73104015432854
"RMM013","Study 2",10,0.05,"vertical","Vertical outliers","study2_robust_rs","Study 2 robust random slope",5,100,100,100,100,0,100,0,40,0,0,0,0,11.766,16.734,28.826,35.3600000000001,1.029626537468,0,0.935418557050024,0.181008407605472,0.112,0.989407225950944,0.731040154328544
"RMM014","Study 2",10,0.1,"none","Clean","study2_robust_ri","Study 2 robust random intercept",5,100,100,100,100,0,0,0,0,0,0,0,0,4.1559999999999,8.54600000000019,12.9720000000001,16.7700000000002,1.03454526024277,,0.959519690461693,0.424337770101822,0.086,0.97785748476373,0.693288948829079
"RMM015","Study 2",10,0.1,"none","Clean","study2_robust_rs","Study 2 robust random slope",5,100,100,100,100,0,60,0,0,0,0,0,0,37.702,17.838,55.852,142.46,1.03159843340428,0.0562273188756953,0.959707644323995,0.424337746529992,0.0855,0.987420113839786,0.69060485145514
"RMM016","Study 2",10,0.1,"vertical","Vertical outliers","study2_robust_ri","Study 2 robust random intercept",5,100,100,100,100,0,0,0,0,0,0,0,0,4.53599999999997,9.06000000000013,13.8540000000001,15.6700000000001,1.03004982628647,,0.935554474796551,0.181088263202737,0.1095,0.978751925430577,0.733309071164202
"RMM017","Study 2",10,0.1,"vertical","Vertical outliers","study2_robust_rs","Study 2 robust random slope",5,100,100,100,100,0,40,0,0,0,0,0,0,18.3580000000001,19.666,38.3420000000001,46.4200000000001,1.02960590871085,0.0818629906979745,0.935756029871916,0.181088266079243,0.1095,0.989426875633035,0.72935371096453
"RMM018","Study 2",20,0.05,"none","Clean","study2_robust_ri","Study 2 robust random intercept",5,100,100,100,100,0,0,0,0,0,0,0,0,6.33000000000011,18.8599999999999,25.728,29.2199999999998,1.04414526780542,,0.962834117752466,0.351363243061229,0.0825,0.959842057302345,0.378737322636573
"RMM019","Study 2",20,0.05,"none","Clean","study2_robust_rs","Study 2 robust random slope",5,100,100,100,100,0,80,0,40,0,0,0,0,17.5339999999999,35.4360000000001,53.5599999999999,81.7399999999998,1.04395256618413,0.0253692491904246,0.962933345105882,0.351363270015052,0.08175,0.979927285253186,0.377673415230289
"RMM020","Study 2",20,0.05,"vertical","Vertical outliers","study2_robust_ri","Study 2 robust random intercept",5,100,100,100,100,0,0,0,0,0,0,0,0,7.72000000000007,20.846,29.106,31.9000000000001,1.0349334834265,,0.939295013140173,0.162035312831209,0.10025,0.962071209884727,0.35379121799142
"RMM021","Study 2",20,0.05,"vertical","Vertical outliers","study2_robust_rs","Study 2 robust random slope",5,100,100,100,100,0,100,0,60,0,0,0,0,19.9139999999999,31.23,51.6839999999998,62.6100000000001,1.03493354883468,0,0.939295014931437,0.162035319207471,0.10025,0.981035609286326,0.353791290847752
"RMM022","Study 2",20,0.1,"none","Clean","study2_robust_ri","Study 2 robust random intercept",5,100,100,100,100,0,0,0,0,0,0,0,0,6.31000000000004,18.744,25.5800000000001,29.2200000000003,1.04495120933617,,0.962937303086519,0.349303871715488,0.083,0.960002989456624,0.379796621602773
"RMM023","Study 2",20,0.1,"none","Clean","study2_robust_rs","Study 2 robust random slope",5,100,100,100,100,0,80,0,20,0,0,0,0,19.3559999999999,35.6539999999999,55.5899999999999,75.4399999999996,1.04457244776081,0.0296306120087843,0.963061424326016,0.349303889420282,0.0825,0.980004603985294,0.377753651210427
"RMM024","Study 2",20,0.1,"vertical","Vertical outliers","study2_robust_ri","Study 2 robust random intercept",5,100,100,100,100,0,0,0,0,0,0,0,0,8.32599999999993,20.4880000000001,29.3579999999999,33.8399999999997,1.03548484961873,,0.939451345982546,0.163881077610513,0.099,0.962250019807614,0.35385133709542
"RMM025","Study 2",20,0.1,"vertical","Vertical outliers","study2_robust_rs","Study 2 robust random slope",5,100,100,100,100,0,80,0,60,0,0,0,0,26.3160000000001,35.8920000000001,62.8040000000001,94.4200000000001,1.03502598221194,0.0264341110011847,0.939494402844315,0.163881084443431,0.099,0.98111483019713,0.352004266035473
"RMM026","Study 2",40,0.05,"none","Clean","study2_robust_ri","Study 2 robust random intercept",5,100,100,100,100,0,0,0,0,0,0,0,0,11.4259999999997,46.6420000000006,59.3959999999997,60.8999999999996,1.03713189279596,,0.961617637729342,0.359013571167133,0.0825,0.963149150643548,0.472857638405679
"RMM027","Study 2",40,0.05,"none","Clean","study2_robust_rs","Study 2 robust random slope",5,100,100,100,100,0,100,0,0,0,0,0,0,51.5440000000001,78.2720000000001,131.338,225.94,1.03713188419392,0,0.961617637514595,0.359013576445694,0.0825,0.981574575545504,0.472857642037884
"RMM028","Study 2",40,0.05,"vertical","Vertical outliers","study2_robust_ri","Study 2 robust random intercept",5,100,100,100,100,0,0,0,0,0,0,0,0,15.2780000000001,51.3120000000001,67.9160000000002,70.3100000000004,1.0262298117664,,0.93853783415008,0.164408008515607,0.103,0.963137068318294,0.481379189678205
"RMM029","Study 2",40,0.05,"vertical","Vertical outliers","study2_robust_rs","Study 2 robust random slope",5,100,100,100,100,0,100,0,20,0,0,0,0,37.3639999999999,78.5079999999996,117.388,151.54,1.02622989274689,0,0.938537836546252,0.164408012503973,0.103,0.981568539163369,0.481379210507681
"RMM030","Study 2",40,0.1,"none","Clean","study2_robust_ri","Study 2 robust random intercept",5,100,100,100,100,0,0,0,0,0,0,0,0,11.3939999999999,47.5140000000001,60.2459999999997,61.7399999999998,1.03711310909313,,0.961703812286744,0.361763924445228,0.083375,0.963167987830917,0.471287437386055
"RMM031","Study 2",40,0.1,"none","Clean","study2_robust_rs","Study 2 robust random slope",5,100,100,100,100,0,80,0,0,0,0,0,0,54.56,89.5640000000001,145.64,179.8,1.0386533859432,0.0313640059922032,0.961867014177867,0.36176393359885,0.082625,0.981265274965726,0.473337862849461
"RMM032","Study 2",40,0.1,"vertical","Vertical outliers","study2_robust_ri","Study 2 robust random intercept",5,100,100,100,100,0,0,0,0,0,0,0,0,14.9799999999997,51.9120000000003,68.2439999999999,70.5,1.02652070083772,,0.938557200636059,0.165129342625591,0.101875,0.963268056678108,0.479962192479083
"RMM033","Study 2",40,0.1,"vertical","Vertical outliers","study2_robust_rs","Study 2 robust random slope",5,100,100,100,100,0,80,0,20,0,0,0,0,39.7080000000002,90.3159999999998,131.532,192.69,1.02742643073264,0.0325569904773899,0.938671654248349,0.165129348468275,0.102,0.981659495034486,0.481366058358145
