"condition_id","study","n_clusters","cluster_size","beta","random_slope_sd","contamination","contamination_label","model","model_label","reps","condition_seed","estimate","std_error","df","statistic","p_value","conf_low","conf_high","reject","cover","fit_available","inference_complete","convergence_code","convergence_code_zero","boundary_fit","estimated_random_intercept_sd","estimated_random_slope_sd","estimated_residual_sd","residual_weight_minimum","residual_weight_mean","residual_weight_prop_below_0_5","residual_weight_prop_below_0_8","residual_weight_count","random_effect_weight_minimum","random_effect_weight_mean","random_effect_weight_prop_below_0_5","random_effect_weight_prop_below_0_8","random_effect_weight_count","fit_warning","fit_message","fit_error","inference_warning","inference_message","inference_error","process_warning","process_message","process_error","variance_component_error","summary_column_names","fit_elapsed_sec","inference_elapsed_sec","process_elapsed_sec","total_elapsed_sec","replicate","replicate_seed","usable"
"RMM001","Study 1",10,40,0,0,"none","Clean","study1_robust_ri","Study 1 robust random intercept",5,20260920,0.0390783811418378,0.0518135300261152,216.374140746108,0.754211904152089,0.451542003422908,-0.0630454788180813,0.141202241101757,FALSE,TRUE,TRUE,TRUE,0,TRUE,FALSE,1.05065681695619,,0.992789312947772,0.449735362778144,0.955629317859832,0.005,0.095,400,0.53854731626805,0.953715020053109,0,0.1,10,,,,,,,,,,,"Estimate | Std. Error | df | t value | Pr(>|t|)",4.14,8.24,0.270000000000003,12.65,1,2036501324,TRUE
"RMM001","Study 1",10,40,0,0,"none","Clean","study1_robust_ri","Study 1 robust random intercept",5,20260920,-0.0197950905402897,0.0535301647535399,262.85373165516,-0.369793192892811,0.71183434522162,-0.125197592926427,0.0856074118458473,FALSE,TRUE,TRUE,TRUE,0,TRUE,FALSE,1.59090809744407,,0.989981046306814,0.47298323401516,0.961507869904798,0.005,0.0875,400,0.644710590531659,0.964471059053166,0,0.1,10,,,,,,,,,,,"Estimate | Std. Error | df | t value | Pr(>|t|)",2.83,7.97,0.260000000000005,11.06,2,109345142,TRUE
"RMM001","Study 1",10,40,0,0,"none","Clean","study1_robust_ri","Study 1 robust random intercept",5,20260920,-0.00755258310116084,0.0534787797264457,420.749037053516,-0.141225793479091,0.887759160498815,-0.1126714443518,0.0975662781494784,FALSE,TRUE,TRUE,TRUE,0,TRUE,FALSE,0.745198517326649,,1.02111145586959,0.384477780690097,0.959621399223292,0.015,0.09,400,0.614955307156003,0.9614955307156,0,0.1,10,,,,,,,,,,,"Estimate | Std. Error | df | t value | Pr(>|t|)",3.03,9.3,0.25,12.58,3,1297033306,TRUE
"RMM001","Study 1",10,40,0,0,"none","Clean","study1_robust_ri","Study 1 robust random intercept",5,20260920,0.0545548125505102,0.0540817310465642,444.836351119434,1.00874752887512,0.313644112676133,-0.051732618385564,0.160842243486584,FALSE,TRUE,TRUE,TRUE,0,TRUE,FALSE,0.465860920112189,,1.02717401200605,0.480124345204187,0.965990889099037,0.0075,0.0775,400,0.528967648923385,0.952896764892339,0,0.1,10,,,,,,,,,,,"Estimate | Std. Error | df | t value | Pr(>|t|)",4.17,9.98999999999999,0.290000000000006,14.45,4,344610857,TRUE
"RMM001","Study 1",10,40,0,0,"none","Clean","study1_robust_ri","Study 1 robust random intercept",5,20260920,-0.00322999077818308,0.0532588420153437,255.155387074405,-0.0606470335433229,0.951687790225971,-0.108112886731855,0.101652905175489,FALSE,TRUE,TRUE,TRUE,0,TRUE,FALSE,0.702787525954412,,1.06856598814913,0.355203739707234,0.957975008130653,0.005,0.09,400,1,1,0,0,10,,,,,,,,,,,"Estimate | Std. Error | df | t value | Pr(>|t|)",3.41,9.7,0.269999999999996,13.38,5,910495872,TRUE
"RMM002","Study 1",10,40,0,0,"vertical","Vertical outliers","study1_robust_ri","Study 1 robust random intercept",5,20260920,0.0198324343037927,0.0570145832108804,228.856475312808,0.347848448359927,0.72827372638894,-0.0925081795524919,0.132173048160077,FALSE,TRUE,TRUE,TRUE,0,TRUE,FALSE,1.07438104922994,,1.09250193468518,0.188400397467525,0.935417131480738,0.0475,0.12,400,0.565205519585587,0.955974027757837,0,0.1,10,,,,,,,,,,,"Estimate | Std. Error | df | t value | Pr(>|t|)",6,8.42,0.25,14.67,1,2036501324,TRUE
"RMM002","Study 1",10,40,0,0,"vertical","Vertical outliers","study1_robust_ri","Study 1 robust random intercept",5,20260920,0.00457447245010311,0.0592210431241568,333.761314269612,0.0772440370648781,0.938475693990614,-0.111919068472233,0.12106801337244,FALSE,TRUE,TRUE,TRUE,0,TRUE,FALSE,1.55487852536976,,1.09526190243164,0.183098642793755,0.936589739407045,0.05,0.1175,400,0.60904904406129,0.960904904406129,0,0.1,10,,,,,,,,,,,"Estimate | Std. Error | df | t value | Pr(>|t|)",3.57999999999998,8.18000000000001,0.299999999999983,12.06,2,109345142,TRUE
"RMM002","Study 1",10,40,0,0,"vertical","Vertical outliers","study1_robust_ri","Study 1 robust random intercept",5,20260920,-0.00208789660225786,0.0595343937600325,599.820024955385,-0.0350704268640682,0.972035250298565,-0.119009088808408,0.114833295603892,FALSE,TRUE,TRUE,TRUE,0,TRUE,FALSE,0.734487842933481,,1.13689496997072,0.167579560048813,0.937389494031649,0.055,0.1,400,0.602170832468566,0.959005216272035,0,0.1,10,,,,,,,,,,,"Estimate | Std. Error | df | t value | Pr(>|t|)",4.58000000000001,9.79999999999998,0.29000000000002,14.67,3,1297033306,TRUE
"RMM002","Study 1",10,40,0,0,"vertical","Vertical outliers","study1_robust_ri","Study 1 robust random intercept",5,20260920,0.0445615559509844,0.0606264065504568,487.871567333546,0.73501892139851,0.462681133836305,-0.0745595330344176,0.163682644936386,FALSE,TRUE,TRUE,TRUE,0,TRUE,FALSE,0.483177629627332,,1.15172466330949,0.211201470082948,0.940593754686125,0.05,0.0975,400,0.558221970471463,0.955822197047146,0,0.1,10,,,,,,,,,,,"Estimate | Std. Error | df | t value | Pr(>|t|)",5.34999999999999,10.49,0.280000000000001,16.12,4,344610857,TRUE
"RMM002","Study 1",10,40,0,0,"vertical","Vertical outliers","study1_robust_ri","Study 1 robust random intercept",5,20260920,-0.0121644992699319,0.0594709642204231,296.302435455415,-0.204545183172841,0.838067917181811,-0.129203504415228,0.104874505875364,FALSE,TRUE,TRUE,TRUE,0,TRUE,FALSE,0.693484355674851,,1.19346210011527,0.203669396294862,0.934967498814762,0.0525,0.1125,400,1,1,0,0,10,,,,,,,,,,,"Estimate | Std. Error | df | t value | Pr(>|t|)",4.69,9.88999999999999,0.25,14.83,5,910495872,TRUE
"RMM003","Study 1",10,40,0,0,"bad_leverage","Bad leverage","study1_robust_ri","Study 1 robust random intercept",5,20260920,-0.0562805616534532,0.0393535024269682,221.390578090117,-1.43012840490876,0.154089925177332,-0.133835970006604,0.0212748466996974,FALSE,TRUE,TRUE,TRUE,0,TRUE,FALSE,1.02919218139925,,0.997912208694635,0.417837896757985,0.956071297271121,0.0025,0.095,400,0.527869282209793,0.95274117671626,0,0.1,10,,,,,,,,,,,"Estimate | Std. Error | df | t value | Pr(>|t|)",3.78,8.34999999999999,0.280000000000001,12.41,1,2036501324,TRUE
"RMM003","Study 1",10,40,0,0,"bad_leverage","Bad leverage","study1_robust_ri","Study 1 robust random intercept",5,20260920,-0.0617462843618733,0.0400524266518827,309.909866778017,-1.54163653799416,0.124182374504601,-0.140555368430198,0.0170627997064515,FALSE,TRUE,TRUE,TRUE,0,TRUE,FALSE,1.59380078391898,,0.992595447976602,0.474621186329198,0.961940754113756,0.0025,0.0825,400,0.649211950318788,0.964921195031879,0,0.1,10,,,,,,,,,,,"Estimate | Std. Error | df | t value | Pr(>|t|)",3.02000000000001,7.53999999999999,0.269999999999982,10.83,2,109345142,TRUE
"RMM003","Study 1",10,40,0,0,"bad_leverage","Bad leverage","study1_robust_ri","Study 1 robust random intercept",5,20260920,0.0021865507127406,0.040723417564825,434.192315094637,0.0536927115525109,0.957204684925359,-0.0778529901731558,0.082226091598637,FALSE,TRUE,TRUE,TRUE,0,TRUE,FALSE,0.744500987040227,,1.02492195445385,0.384161193018423,0.961100721303855,0.015,0.09,400,0.618585385097621,0.961858538509762,0,0.1,10,,,,,,,,,,,"Estimate | Std. Error | df | t value | Pr(>|t|)",3.15000000000001,9.47,0.27000000000001,12.89,3,1297033306,TRUE
"RMM003","Study 1",10,40,0,0,"bad_leverage","Bad leverage","study1_robust_ri","Study 1 robust random intercept",5,20260920,-0.0420231257463004,0.041441521487991,437.035804311786,-1.01403433651629,0.311127422296158,-0.123472577453761,0.0394263259611597,FALSE,TRUE,TRUE,TRUE,0,TRUE,FALSE,0.455243500376139,,1.04409256886295,0.487217158527215,0.968507916321035,0.005,0.0675,400,0.515034387382735,0.951503438738274,0,0.1,10,,,,,,,,,,,"Estimate | Std. Error | df | t value | Pr(>|t|)",4.29000000000002,9.80999999999997,0.25,14.35,4,344610857,TRUE
"RMM003","Study 1",10,40,0,0,"bad_leverage","Bad leverage","study1_robust_ri","Study 1 robust random intercept",5,20260920,-0.0036827634593652,0.0410678100327558,269.634833015156,-0.089675184930188,0.928611910115611,-0.0845371100062924,0.077171583087562,FALSE,TRUE,TRUE,TRUE,0,TRUE,FALSE,0.70111263374948,,1.07073960573368,0.355973756054227,0.959320982885991,0.005,0.0875,400,1,1,0,0,10,,,,,,,,,,,"Estimate | Std. Error | df | t value | Pr(>|t|)",3.34,9.69000000000003,0.269999999999982,13.3,5,910495872,TRUE
"RMM004","Study 1",20,40,0,0,"none","Clean","study1_robust_ri","Study 1 robust random intercept",5,20260921,0.0720389591156234,0.0350668734042987,447.066396587099,2.05433082912925,0.0405245018136633,0.00312257841063204,0.140955339820615,TRUE,FALSE,TRUE,TRUE,0,TRUE,FALSE,0.949193052035349,,0.947654703761187,0.360241650352249,0.956245359214725,0.00625,0.09625,800,0.818309322956254,0.9859029714809,0,0,20,,,,,,,,,,,"Estimate | Std. Error | df | t value | Pr(>|t|)",8.25999999999999,20.11,0.529999999999973,28.9,1,533802658,TRUE
"RMM004","Study 1",20,40,0,0,"none","Clean","study1_robust_ri","Study 1 robust random intercept",5,20260921,0.0311657209424017,0.0376744504553767,293.283356211624,0.82723757256435,0.408774976069006,-0.0429808212229031,0.105312263107707,FALSE,TRUE,TRUE,TRUE,0,TRUE,FALSE,1.15821783329866,,1.00335396790069,0.465221286310391,0.958142433210785,0.0075,0.0925,800,0.909741258293598,0.994610216132639,0,0,20,,,,,,,,,,,"Estimate | Std. Error | df | t value | Pr(>|t|)",5.05000000000001,17.45,0.510000000000048,23.01,2,1494031624,TRUE
"RMM004","Study 1",20,40,0,0,"none","Clean","study1_robust_ri","Study 1 robust random intercept",5,20260921,0.0307852178233143,0.0374305062589568,742.490200006022,0.822463303336904,0.411077310784596,-0.042697009463407,0.104267445110036,FALSE,TRUE,TRUE,TRUE,0,TRUE,FALSE,0.782919323270197,,1.00865652071805,0.381153180340789,0.959999329957914,0.00625,0.09,800,0.407163394101766,0.939501909020938,0.05,0.15,20,,,,,,,,,,,"Estimate | Std. Error | df | t value | Pr(>|t|)",5.10999999999996,20.08,0.54000000000002,25.73,3,1192603971,TRUE
"RMM004","Study 1",20,40,0,0,"none","Clean","study1_robust_ri","Study 1 robust random intercept",5,20260921,-0.0708814909883809,0.0396343875194924,675.793329349478,-1.78838365935442,0.074161992482796,-0.148702838933844,0.00693985695708245,FALSE,TRUE,TRUE,TRUE,0,TRUE,FALSE,1.01327186131393,,1.03905302855055,0.435591130789768,0.958754496506085,0.00625,0.09625,800,0.874819528909063,0.993740976445453,0,0,20,,,,,,,,,,,"Estimate | Std. Error | df | t value | Pr(>|t|)",4.45999999999998,21.09,0.519999999999982,26.07,4,1614716661,TRUE
"RMM004","Study 1",20,40,0,0,"none","Clean","study1_robust_ri","Study 1 robust random intercept",5,20260921,0.0563584793813628,0.0380808273795177,841.292462845859,1.4799699286911,0.139255633291486,-0.0183861028876212,0.131103061650347,FALSE,TRUE,TRUE,TRUE,0,TRUE,FALSE,0.810201493052524,,1.02296298764121,0.347043104126306,0.960821832550434,0.00875,0.09125,800,0.734903695597034,0.984958859554427,0,0.05,20,,,,,,,,,,,"Estimate | Std. Error | df | t value | Pr(>|t|)",6.19999999999999,19.44,0.54000000000002,26.18,5,1127969980,TRUE
"RMM005","Study 1",20,40,0,0,"vertical","Vertical outliers","study1_robust_ri","Study 1 robust random intercept",5,20260921,0.0794918036129358,0.039288868665543,418.600739172005,2.0232652736741,0.043680829571433,0.00226374608131374,0.156719861144558,TRUE,FALSE,TRUE,TRUE,0,TRUE,FALSE,0.930605354948414,,1.06184258751136,0.150252293370916,0.933802925239776,0.0525,0.11625,800,0.873215205873995,0.988641524852326,0,0,20,,,,,,,,,,,"Estimate | Std. Error | df | t value | Pr(>|t|)",10.34,21.28,0.550000000000011,32.17,1,533802658,TRUE
"RMM005","Study 1",20,40,0,0,"vertical","Vertical outliers","study1_robust_ri","Study 1 robust random intercept",5,20260921,0.0384261793959658,0.0420097958064218,317.280256078926,0.914695695571362,0.361046018092125,-0.0442267914645851,0.121079150256517,FALSE,TRUE,TRUE,TRUE,0,TRUE,FALSE,1.14887979876607,,1.11887988901612,0.172559084293819,0.934190717495477,0.05,0.11875,800,0.945198263114745,0.995380453338664,0,0,20,,,,,,,,,,,"Estimate | Std. Error | df | t value | Pr(>|t|)",6.81999999999999,20.35,0.509999999999991,27.68,2,1494031624,TRUE
"RMM005","Study 1",20,40,0,0,"vertical","Vertical outliers","study1_robust_ri","Study 1 robust random intercept",5,20260921,0.0475573412031849,0.0414569801919913,743.621166607203,1.14714918894098,0.251688916187414,-0.0338293131853673,0.128943995591737,FALSE,TRUE,TRUE,TRUE,0,TRUE,FALSE,0.767300230367211,,1.11726953746164,0.193984802799683,0.936890949433157,0.055,0.10625,800,0.394862115567228,0.93945765365916,0.05,0.15,20,,,,,,,,,,,"Estimate | Std. Error | df | t value | Pr(>|t|)",7.39000000000004,21.56,0.519999999999982,29.47,3,1192603971,TRUE
"RMM005","Study 1",20,40,0,0,"vertical","Vertical outliers","study1_robust_ri","Study 1 robust random intercept",5,20260921,-0.0552384935607271,0.0437524851424029,557.509699606316,-1.26252242314786,0.20728869764854,-0.141178358750258,0.0307013716288034,FALSE,TRUE,TRUE,TRUE,0,TRUE,FALSE,0.99193920244663,,1.14709841851651,0.196023418702317,0.934510307700652,0.05125,0.115,800,0.892372371805958,0.994618618590298,0,0,20,,,,,,,,,,,"Estimate | Std. Error | df | t value | Pr(>|t|)",7.63,20.97,0.539999999999964,29.14,4,1614716661,TRUE
"RMM005","Study 1",20,40,0,0,"vertical","Vertical outliers","study1_robust_ri","Study 1 robust random intercept",5,20260921,0.0600461917238125,0.0421060380576351,796.122085976256,1.42607080822044,0.154239895699334,-0.0226057809873519,0.142698164434977,FALSE,TRUE,TRUE,TRUE,0,TRUE,FALSE,0.778761586843204,,1.13125808152949,0.182381901685635,0.937360401946296,0.055,0.1075,800,0.736862440338604,0.98076416465048,0,0.05,20,,,,,,,,,,,"Estimate | Std. Error | df | t value | Pr(>|t|)",7.88,21.8099999999999,0.520000000000095,30.21,5,1127969980,TRUE
"RMM006","Study 1",20,40,0,0,"bad_leverage","Bad leverage","study1_robust_ri","Study 1 robust random intercept",5,20260921,-0.0144279295155248,0.0268884669259752,480.942702602185,-0.536584311602642,0.591802895447604,-0.0672613135704129,0.0384054545393632,FALSE,TRUE,TRUE,TRUE,0,TRUE,FALSE,0.952472699741142,,0.960030018386519,0.402277345522812,0.957368180115708,0.00625,0.09375,800,0.823272050544489,0.985327674084652,0,0,20,,,,,,,,,,,"Estimate | Std. Error | df | t value | Pr(>|t|)",7.56000000000006,20.24,0.5,28.3000000000001,1,533802658,TRUE
"RMM006","Study 1",20,40,0,0,"bad_leverage","Bad leverage","study1_robust_ri","Study 1 robust random intercept",5,20260921,0.00995702602486463,0.0281585127262356,296.701471508614,0.353606247661921,0.723885118221751,-0.0454586912413702,0.0653727432910994,FALSE,TRUE,TRUE,TRUE,0,TRUE,FALSE,1.1599013901595,,1.0035333772336,0.4675441461573,0.958347436673138,0.0075,0.0925,800,0.914198974757861,0.99498360774481,0,0,20,,,,,,,,,,,"Estimate | Std. Error | df | t value | Pr(>|t|)",4.83000000000004,18.17,0.549999999999955,23.55,2,1494031624,TRUE
"RMM006","Study 1",20,40,0,0,"bad_leverage","Bad leverage","study1_robust_ri","Study 1 robust random intercept",5,20260921,-0.0350982706448941,0.0281220582341532,742.323849791436,-1.24806905499785,0.212399291555664,-0.090306506855154,0.0201099655653658,FALSE,TRUE,TRUE,TRUE,0,TRUE,FALSE,0.777392402950506,,1.01235483659963,0.374731507489344,0.959919816536442,0.0075,0.0925,800,0.408226401974876,0.938755747998794,0.05,0.15,20,,,,,,,,,,,"Estimate | Std. Error | df | t value | Pr(>|t|)",5.0200000000001,19.4699999999999,0.509999999999991,25,3,1192603971,TRUE
"RMM006","Study 1",20,40,0,0,"bad_leverage","Bad leverage","study1_robust_ri","Study 1 robust random intercept",5,20260921,-0.0963989799666942,0.0292816132108035,652.485704614537,-3.29213350619383,0.00104793852669199,-0.153896542126646,-0.0389014178067427,TRUE,FALSE,TRUE,TRUE,0,TRUE,FALSE,1.01294032638857,,1.0390998048331,0.429545548990258,0.958669579169211,0.005,0.09875,800,0.875634229767966,0.993781711488398,0,0,20,,,,,,,,,,,"Estimate | Std. Error | df | t value | Pr(>|t|)",4.33999999999992,21.3000000000001,0.559999999999945,26.1999999999999,4,1614716661,TRUE
"RMM006","Study 1",20,40,0,0,"bad_leverage","Bad leverage","study1_robust_ri","Study 1 robust random intercept",5,20260921,-0.0294773646349062,0.0286805181735538,889.452297450422,-1.02778354479269,0.304331072542317,-0.0857667439702269,0.0268120147004145,FALSE,TRUE,TRUE,TRUE,0,TRUE,FALSE,0.809224130879611,,1.02837210237818,0.339104386666056,0.959979727192004,0.00875,0.095,800,0.748119207817772,0.986055798482245,0,0.05,20,,,,,,,,,,,"Estimate | Std. Error | df | t value | Pr(>|t|)",5.65000000000009,18.75,0.519999999999982,24.9200000000001,5,1127969980,TRUE
"RMM007","Study 1",40,40,0,0,"none","Clean","study1_robust_ri","Study 1 robust random intercept",5,20260922,-0.0318703311590871,0.0253975697970854,1126.3326546615,-1.25485750856149,0.209790801689569,-0.0817022019297394,0.0179615396115652,FALSE,TRUE,TRUE,TRUE,0,TRUE,FALSE,0.885678843307011,,0.990802361396583,0.378764892508725,0.960204242408388,0.00625,0.091875,1600,0.485059720750602,0.960259722635577,0.025,0.1,40,,,,,,,,,,,"Estimate | Std. Error | df | t value | Pr(>|t|)",13.5,48.0200000000001,1.80999999999995,63.33,1,119813153,TRUE
"RMM007","Study 1",40,40,0,0,"none","Clean","study1_robust_ri","Study 1 robust random intercept",5,20260922,0.0115173185141333,0.0258359850482002,973.196625243758,0.445785925818051,0.655851042429898,-0.0391833367378761,0.0622179737661427,FALSE,TRUE,TRUE,TRUE,0,TRUE,FALSE,0.923535279080087,,0.990692432802503,0.367074311768108,0.959934807790255,0.009375,0.08875,1600,0.496652358922009,0.957677950980048,0.025,0.1,40,,,,,,,,,,,"Estimate | Std. Error | df | t value | Pr(>|t|)",10.76,47.02,1.31000000000006,59.09,2,255361622,TRUE
"RMM007","Study 1",40,40,0,0,"none","Clean","study1_robust_ri","Study 1 robust random intercept",5,20260922,-0.0442535473037434,0.0274238536721087,1505.07718419961,-1.61368813562301,0.106804712281162,-0.0980465719144379,0.00953947730695111,FALSE,TRUE,TRUE,TRUE,0,TRUE,FALSE,0.933331607435892,,1.02133979706161,0.427257402502977,0.963025051681091,0.005625,0.08,1600,0.658211717489339,0.962579931071077,0,0.1,40,,,,,,,,,,,"Estimate | Std. Error | df | t value | Pr(>|t|)",11.1799999999999,47.3200000000001,1.34000000000003,59.84,3,1234472120,TRUE
"RMM007","Study 1",40,40,0,0,"none","Clean","study1_robust_ri","Study 1 robust random intercept",5,20260922,-0.00749686388424461,0.0262872009287101,871.868034173092,-0.285190648657338,0.77556581672578,-0.0590904536770608,0.0440967259085715,FALSE,TRUE,TRUE,TRUE,0,TRUE,FALSE,1.19209596133768,,1.00103230214219,0.338010249790159,0.960101376492331,0.004375,0.090625,1600,0.452375697237951,0.957571962551705,0.025,0.075,40,,,,,,,,,,,"Estimate | Std. Error | df | t value | Pr(>|t|)",10.3099999999999,45.3,1.34000000000003,56.9499999999999,4,1363142004,TRUE
"RMM007","Study 1",40,40,0,0,"none","Clean","study1_robust_ri","Study 1 robust random intercept",5,20260922,-0.0329516851566465,0.0256786336637081,1412.63357222726,-1.28323358587484,0.199620729207921,-0.083324041431028,0.0174206711177349,FALSE,TRUE,TRUE,TRUE,0,TRUE,FALSE,1.22750730695189,,1.01177528210668,0.425832280856094,0.962679517067782,0.006875,0.085,1600,0.63382631412942,0.956466220684789,0,0.125,40,,,,,,,,,,,"Estimate | Std. Error | df | t value | Pr(>|t|)",10.2,46.52,1.34000000000003,58.0600000000001,5,6902939,TRUE
"RMM008","Study 1",40,40,0,0,"vertical","Vertical outliers","study1_robust_ri","Study 1 robust random intercept",5,20260922,-0.0319585442682099,0.028143223239484,1136.19758748679,-1.13556801920873,0.256376878041996,-0.0871770701493667,0.0232599816129469,FALSE,TRUE,TRUE,TRUE,0,TRUE,FALSE,0.894826660605783,,1.09800187344793,0.186296880930729,0.935872107727813,0.0525,0.11125,1600,0.498415006308923,0.961839672988021,0.025,0.075,40,,,,,,,,,,,"Estimate | Std. Error | df | t value | Pr(>|t|)",16.95,53.1799999999999,1.31999999999994,71.4499999999999,1,119813153,TRUE
"RMM008","Study 1",40,40,0,0,"vertical","Vertical outliers","study1_robust_ri","Study 1 robust random intercept",5,20260922,-0.000830916039406038,0.0286918605607074,998.402467435408,-0.028959991550494,0.976902286942085,-0.0571341844888654,0.0554723524100533,FALSE,TRUE,TRUE,TRUE,0,TRUE,FALSE,0.897973700039834,,1.10029188519264,0.187270616669285,0.93667225585744,0.0525,0.10625,1600,0.474955007822975,0.954978545647016,0.025,0.1,40,,,,,,,,,,,"Estimate | Std. Error | df | t value | Pr(>|t|)",15.8,51.6100000000001,1.33999999999992,68.75,2,255361622,TRUE
"RMM008","Study 1",40,40,0,0,"vertical","Vertical outliers","study1_robust_ri","Study 1 robust random intercept",5,20260922,-0.0280850312896052,0.0302788901154532,1544.39375805802,-0.92754493914794,0.353788601760089,-0.0874771112507247,0.0313070486715144,FALSE,TRUE,TRUE,TRUE,0,TRUE,FALSE,0.921148938656196,,1.12778752335864,0.18939180224387,0.939121787805571,0.0525,0.100625,1600,0.671768870039561,0.964512244754357,0,0.1,40,,,,,,,,,,,"Estimate | Std. Error | df | t value | Pr(>|t|)",14.8200000000002,53.6099999999999,1.33999999999992,69.77,3,1234472120,TRUE
"RMM008","Study 1",40,40,0,0,"vertical","Vertical outliers","study1_robust_ri","Study 1 robust random intercept",5,20260922,-0.0177423607592542,0.0291839531596221,912.629240290024,-0.607949192565245,0.543372425963798,-0.0750178170924578,0.0395330955739494,FALSE,TRUE,TRUE,TRUE,0,TRUE,FALSE,1.18902221303793,,1.11139829017267,0.180269877313101,0.936728879440106,0.0525,0.106875,1600,0.450263463912017,0.955051431327242,0.025,0.075,40,,,,,,,,,,,"Estimate | Std. Error | df | t value | Pr(>|t|)",14.4400000000001,49.05,1.34000000000015,64.8300000000002,4,1363142004,TRUE
"RMM008","Study 1",40,40,0,0,"vertical","Vertical outliers","study1_robust_ri","Study 1 robust random intercept",5,20260922,-0.0384006368872892,0.028461924482508,1414.52938661632,-1.34919326733824,0.177490812826347,-0.0942327567474624,0.017431482972884,FALSE,TRUE,TRUE,TRUE,0,TRUE,FALSE,1.21527648313008,,1.12150554680284,0.171171731706249,0.938813939953155,0.0525,0.105625,1600,0.655673400670448,0.95728586862464,0,0.1,40,,,,,,,,,,,"Estimate | Std. Error | df | t value | Pr(>|t|)",13.9099999999999,50.1300000000001,1.30999999999995,65.3499999999999,5,6902939,TRUE
"RMM009","Study 1",40,40,0,0,"bad_leverage","Bad leverage","study1_robust_ri","Study 1 robust random intercept",5,20260922,-0.0420481955064007,0.0191948651703378,1108.74546524107,-2.19059603353602,0.0286886814417684,-0.0797105533593008,-0.00438583765350064,TRUE,FALSE,TRUE,TRUE,0,TRUE,FALSE,0.884317100122321,,0.989153965593307,0.377207818537962,0.959992153824926,0.00625,0.094375,1600,0.485365808182062,0.960128276272055,0.025,0.1,40,,,,,,,,,,,"Estimate | Std. Error | df | t value | Pr(>|t|)",13.5699999999999,47.5899999999999,1.31000000000017,62.47,1,119813153,TRUE
"RMM009","Study 1",40,40,0,0,"bad_leverage","Bad leverage","study1_robust_ri","Study 1 robust random intercept",5,20260922,-0.0382272210121714,0.0194504055507033,1047.04678372791,-1.96536884089746,0.0496355774578023,-0.0763934338584227,-6.10081659200012e-05,TRUE,FALSE,TRUE,TRUE,0,TRUE,FALSE,0.919752995544373,,0.991915376738216,0.373356035095858,0.959461694518636,0.009375,0.085625,1600,0.494927044693361,0.957578292930854,0.025,0.1,40,,,,,,,,,,,"Estimate | Std. Error | df | t value | Pr(>|t|)",10.1099999999999,46.45,1.3599999999999,57.9199999999998,2,255361622,TRUE
"RMM009","Study 1",40,40,0,0,"bad_leverage","Bad leverage","study1_robust_ri","Study 1 robust random intercept",5,20260922,-0.0695621945825639,0.0203407447503998,1459.51342234927,-3.41984501728712,0.000643842261417086,-0.109462410221883,-0.0296619789432446,TRUE,FALSE,TRUE,TRUE,0,TRUE,FALSE,0.933995900564804,,1.02073687724497,0.422815214627902,0.962707589874915,0.006875,0.080625,1600,0.655580014100292,0.96243314878747,0,0.1,40,,,,,,,,,,,"Estimate | Std. Error | df | t value | Pr(>|t|)",11.1399999999999,46.6100000000001,1.32999999999993,59.0799999999999,3,1234472120,TRUE
"RMM009","Study 1",40,40,0,0,"bad_leverage","Bad leverage","study1_robust_ri","Study 1 robust random intercept",5,20260922,-0.0300935379542154,0.0196582985173502,793.359291549048,-1.53083126332908,0.12620972135002,-0.0686819647579807,0.00849488884954992,FALSE,TRUE,TRUE,TRUE,0,TRUE,FALSE,1.19239715632397,,0.999216618580509,0.343972091617289,0.95986133277474,0.00375,0.09,1600,0.454605714213283,0.958127173334718,0.025,0.075,40,,,,,,,,,,,"Estimate | Std. Error | df | t value | Pr(>|t|)",10.1099999999999,46.0900000000001,1.31999999999994,57.52,4,1363142004,TRUE
"RMM009","Study 1",40,40,0,0,"bad_leverage","Bad leverage","study1_robust_ri","Study 1 robust random intercept",5,20260922,-0.0774229025340355,0.0195903170710806,1376.17340092819,-3.95210053278453,8.14001267244158e-05,-0.115853017778073,-0.0389927872899977,TRUE,FALSE,TRUE,TRUE,0,TRUE,FALSE,1.22396547216629,,1.01323480292607,0.416609668240003,0.962428118686061,0.00625,0.083125,1600,0.632501750788858,0.955820051869577,0,0.125,40,,,,,,,,,,,"Estimate | Std. Error | df | t value | Pr(>|t|)",10.2,46.7,1.29999999999995,58.2,5,6902939,TRUE
"RMM010","Study 2",10,40,0,0.05,"none","Clean","study2_robust_ri","Study 2 robust random intercept",5,20260923,-0.0927159004533184,0.0548296917326212,146.681101089396,-1.6909797871097,0.0929644025628983,-0.201074118755233,0.0156423178485964,FALSE,TRUE,TRUE,TRUE,0,TRUE,FALSE,1.13137589813607,,1.03750226907063,0.419113832295801,0.955935269741238,0.0125,0.0925,400,0.87126368062437,0.987126368062437,0,0,10,,,,,,,,,,,"Estimate | Std. Error | df | t value | Pr(>|t|)",5.48000000000002,8.1400000000001,0.269999999999982,13.8900000000001,1,561050143,TRUE
"RMM010","Study 2",10,40,0,0.05,"none","Clean","study2_robust_ri","Study 2 robust random intercept",5,20260923,0.0210104680435703,0.050324827466167,217.733364282233,0.417497070560161,0.676726253172779,-0.0781756942842227,0.120196630371363,FALSE,TRUE,TRUE,TRUE,0,TRUE,FALSE,1.09560715595703,,0.978015081062784,0.454490312139774,0.962153378964458,0.0075,0.0825,400,0.690110719590221,0.96514634109472,0,0.1,10,,,,,,,,,,,"Estimate | Std. Error | df | t value | Pr(>|t|)",2.95000000000005,8.3599999999999,0.340000000000146,11.6500000000001,2,275491558,TRUE
"RMM010","Study 2",10,40,0,0.05,"none","Clean","study2_robust_ri","Study 2 robust random intercept",5,20260923,-0.0868391604947794,0.0572882895420774,444.593884870705,-1.5158274263189,0.130273634384283,-0.199428644218457,0.0257503232288981,FALSE,TRUE,TRUE,TRUE,0,TRUE,FALSE,0.663301902187623,,1.06902334436975,0.433725198369263,0.964124860138046,0.005,0.085,400,0.777365778841012,0.977736577884101,0,0.1,10,,,,,,,,,,,"Estimate | Std. Error | df | t value | Pr(>|t|)",3.37999999999988,9.5,0.25,13.1299999999999,3,658591458,TRUE
"RMM010","Study 2",10,40,0,0.05,"none","Clean","study2_robust_ri","Study 2 robust random intercept",5,20260923,0.0246701241616393,0.0490375354268362,289.15906204615,0.50308654272495,0.615286408961621,-0.0718456453913854,0.121185893714664,FALSE,TRUE,TRUE,TRUE,0,TRUE,FALSE,1.11499968878355,,0.954962667808889,0.408415712650215,0.955409553958554,0.0175,0.0975,400,0.828080375062268,0.979984574272576,0,0,10,,,,,,,,,,,"Estimate | Std. Error | df | t value | Pr(>|t|)",2.93000000000006,9.3900000000001,0.279999999999973,12.6000000000001,4,835799753,TRUE
"RMM010","Study 2",10,40,0,0.05,"none","Clean","study2_robust_ri","Study 2 robust random intercept",5,20260923,-0.0150174670789852,0.0543150254738698,260.914750861437,-0.276488263569165,0.782391964246932,-0.121969059954624,0.0919341257966539,FALSE,TRUE,TRUE,TRUE,0,TRUE,FALSE,1.16356432808568,,1.0202396156149,0.475964222072543,0.959826929121004,0.0075,0.09,400,0.887791307299797,0.979351444321176,0,0,10,,,,,,,,,,,"Estimate | Std. Error | df | t value | Pr(>|t|)",2.74000000000001,8.3599999999999,0.269999999999982,11.3699999999999,5,731039463,TRUE
"RMM011","Study 2",10,40,0,0.05,"none","Clean","study2_robust_rs","Study 2 robust random slope",5,20260923,-0.0927159023562981,0.0548296897921223,146.680954627685,-1.69097988166293,0.092964386579916,-0.201074117723197,0.0156423130106011,FALSE,TRUE,TRUE,TRUE,0,TRUE,TRUE,1.13137598984076,0,1.03750223232209,0.419113817776995,0.955935264933895,0.0125,0.0925,400,0.871263747061121,0.993563187353056,0,0,20,,"boundary (singular) fit: see help('isSingular')",,,,,,,,,"Estimate | Std. Error | df | t value | Pr(>|t|)",10.5899999999999,13.6400000000001,0.299999999999955,24.53,1,561050143,TRUE
"RMM011","Study 2",10,40,0,0.05,"none","Clean","study2_robust_rs","Study 2 robust random slope",5,20260923,0.0164954809362196,0.0634372064597303,2.16601663169292,0.26002848890723,0.817496614814829,-0.237353307509336,0.270344269381776,FALSE,TRUE,TRUE,TRUE,0,TRUE,FALSE,1.09257328964152,0.118695465175591,0.974221659510406,0.453919824522356,0.963444468826645,0.0075,0.08,400,0.689278594386817,0.982400321727852,0,0.05,20,,,,,,,,,,,"Estimate | Std. Error | df | t value | Pr(>|t|)",16.5799999999999,23.45,0.350000000000136,40.3800000000001,2,275491558,TRUE
"RMM011","Study 2",10,40,0,0.05,"none","Clean","study2_robust_rs","Study 2 robust random slope",5,20260923,-0.0868391604958783,0.057288289570995,444.593840000762,-1.51582742557294,0.130273634644613,-0.199428644307404,0.0257503233156473,FALSE,TRUE,TRUE,TRUE,0,TRUE,TRUE,0.663301903217002,0,1.06902334490731,0.433725198586101,0.964124860203528,0.005,0.085,400,0.777365780122704,0.988868289006135,0,0.05,20,,,,,,,,,,,"Estimate | Std. Error | df | t value | Pr(>|t|)",3.57999999999993,13.95,0.279999999999973,17.8099999999999,3,658591458,TRUE
"RMM011","Study 2",10,40,0,0.05,"none","Clean","study2_robust_rs","Study 2 robust random slope",5,20260923,0.0246701240658683,0.0490375378069909,289.163019572324,0.503086516353423,0.615286422240094,-0.0718456446202445,0.121185892751981,FALSE,TRUE,TRUE,TRUE,0,TRUE,TRUE,1.11499972456652,0,0.954962714166307,0.408415732197496,0.955409560600046,0.0175,0.0975,400,0.828080403044969,0.989992289444437,0,0,20,,,,,,,,,,,"Estimate | Std. Error | df | t value | Pr(>|t|)",9.88999999999987,13.6100000000001,0.269999999999982,23.77,4,835799753,TRUE
"RMM011","Study 2",10,40,0,0.05,"none","Clean","study2_robust_rs","Study 2 robust random slope",5,20260923,-0.0150174708613462,0.054315029388135,260.919871611153,-0.276488313281236,0.782391921818145,-0.121969061663732,0.0919341199410396,FALSE,TRUE,TRUE,TRUE,0,TRUE,TRUE,1.16356422550039,0,1.02023968920674,0.475964253904173,0.959826938441968,0.0075,0.09,400,0.887791247967611,0.989675714760284,0,0,20,,,,,,,,,,,"Estimate | Std. Error | df | t value | Pr(>|t|)",7.48000000000002,13.6700000000001,0.269999999999982,21.4200000000001,5,731039463,TRUE
"RMM012","Study 2",10,40,0,0.05,"vertical","Vertical outliers","study2_robust_ri","Study 2 robust random intercept",5,20260923,-0.0930192377816685,0.0605477347513411,126.376457651151,-1.53629591864472,0.126965730515947,-0.21283796434559,0.0267994887822531,FALSE,TRUE,TRUE,TRUE,0,TRUE,FALSE,1.11293153647323,,1.14573732181963,0.183364929846879,0.93243525009267,0.055,0.1225,400,0.87832950335382,0.987819935637178,0,0,10,,,,,,,,,,,"Estimate | Std. Error | df | t value | Pr(>|t|)",6.91000000000008,9.55999999999995,0.279999999999973,16.75,1,561050143,TRUE
"RMM012","Study 2",10,40,0,0.05,"vertical","Vertical outliers","study2_robust_ri","Study 2 robust random intercept",5,20260923,-0.0334727185805408,0.0563496398440153,180.346730427218,-0.594018323332652,0.553244232598197,-0.144662117992123,0.0777166808310416,FALSE,TRUE,TRUE,TRUE,0,TRUE,FALSE,1.14643373073738,,1.09511437670318,0.20380619933284,0.936871740333903,0.0525,0.1025,400,0.73104015432854,0.967073102569535,0,0.1,10,,,,,,,,,,,"Estimate | Std. Error | df | t value | Pr(>|t|)",3.75,8.46000000000004,0.259999999999991,12.47,2,275491558,TRUE
"RMM012","Study 2",10,40,0,0.05,"vertical","Vertical outliers","study2_robust_ri","Study 2 robust random intercept",5,20260923,-0.12197775186192,0.0630147865363699,391.560684752931,-1.9357004691513,0.0536239447505801,-0.245867401923755,0.00191189819991402,FALSE,TRUE,TRUE,TRUE,0,TRUE,FALSE,0.645678565068369,,1.17617583393647,0.209312836569602,0.939282034693488,0.0525,0.11,400,0.801158822916644,0.975685970413472,0,0,10,,,,,,,,,,,"Estimate | Std. Error | df | t value | Pr(>|t|)",4.6400000000001,9.79999999999995,0.259999999999991,14.7,3,658591458,TRUE
"RMM012","Study 2",10,40,0,0.05,"vertical","Vertical outliers","study2_robust_ri","Study 2 robust random intercept",5,20260923,0.0551749081471483,0.0545849323586217,375.204399608831,1.01080840010299,0.312759540226204,-0.0521558096659967,0.162505625960293,FALSE,TRUE,TRUE,TRUE,0,TRUE,FALSE,1.13496748884165,,1.063033012951,0.181008413485109,0.931179061175024,0.0575,0.1175,400,0.871732108577608,0.98425886202378,0,0,10,,,,,,,,,,,"Estimate | Std. Error | df | t value | Pr(>|t|)",3.72000000000003,8.97000000000003,0.25,12.9400000000001,4,835799753,TRUE
"RMM012","Study 2",10,40,0,0.05,"vertical","Vertical outliers","study2_robust_ri","Study 2 robust random intercept",5,20260923,-0.0138866321144059,0.0604218535939647,271.560951492429,-0.22982797263593,0.818398465535991,-0.132841435674211,0.1050681714454,FALSE,TRUE,TRUE,TRUE,0,TRUE,FALSE,1.10812099277634,,1.13503325790666,0.193266268662693,0.937324695899515,0.05,0.1075,400,0.876131437184736,0.979234343740018,0,0,10,,,,,,,,,,,"Estimate | Std. Error | df | t value | Pr(>|t|)",4.19000000000005,9.05999999999995,0.3599999999999,13.6099999999999,5,731039463,TRUE
"RMM013","Study 2",10,40,0,0.05,"vertical","Vertical outliers","study2_robust_rs","Study 2 robust random slope",5,20260923,-0.0930192378309746,0.0605477351393289,126.377606766669,-1.53629590961452,0.126965710030628,-0.212837954631491,0.0267994789695422,FALSE,TRUE,TRUE,TRUE,0,TRUE,TRUE,1.11293164372526,0,1.14573732912967,0.183364930903318,0.932435250678127,0.055,0.1225,400,0.878329579969315,0.993909971888499,0,0,20,,,,,,,,,,,"Estimate | Std. Error | df | t value | Pr(>|t|)",11.9400000000001,20.8399999999999,0.460000000000036,33.24,1,561050143,TRUE
"RMM013","Study 2",10,40,0,0.05,"vertical","Vertical outliers","study2_robust_rs","Study 2 robust random slope",5,20260923,-0.0334727185805383,0.0563496398440145,180.346730710192,-0.594018323332616,0.553244232597054,-0.144662117990941,0.077716680829864,FALSE,TRUE,TRUE,TRUE,0,TRUE,TRUE,1.14643373073739,0,1.09511437670317,0.203806199332837,0.936871740333902,0.0525,0.1025,400,0.731040154328544,0.983536551284768,0,0.05,20,,"boundary (singular) fit: see help('isSingular')",,,,,,,,,"Estimate | Std. Error | df | t value | Pr(>|t|)",5.81999999999994,19.0999999999999,0.370000000000118,25.29,2,275491558,TRUE
"RMM013","Study 2",10,40,0,0.05,"vertical","Vertical outliers","study2_robust_rs","Study 2 robust random slope",5,20260923,-0.121977752541828,0.0630147882839134,391.56171770384,-1.93570042625958,0.0536239481255419,-0.245867405026129,0.0019118999424723,FALSE,TRUE,TRUE,TRUE,0,TRUE,TRUE,0.645678595272046,0,1.17617586650375,0.209312842331321,0.939282037574753,0.0525,0.11,400,0.801158864908992,0.98784298869896,0,0,20,,,,,,,,,,,"Estimate | Std. Error | df | t value | Pr(>|t|)",12.7,15.2,0.289999999999964,28.1900000000001,3,658591458,TRUE
"RMM013","Study 2",10,40,0,0.05,"vertical","Vertical outliers","study2_robust_rs","Study 2 robust random slope",5,20260923,0.0551749071646002,0.0545849306639352,375.208278327688,1.01080841348498,0.31275952709931,-0.0521558037258896,0.16250561805509,FALSE,TRUE,TRUE,TRUE,0,TRUE,TRUE,1.13496763067538,0,1.06303297987188,0.181008407605472,0.931179057508807,0.0575,0.1175,400,0.871732195767158,0.992129438984065,0,0,20,,"boundary (singular) fit: see help('isSingular')",,,,,,,,,"Estimate | Std. Error | df | t value | Pr(>|t|)",20.6600000000001,14.4400000000001,0.259999999999991,35.3600000000001,4,835799753,TRUE
"RMM013","Study 2",10,40,0,0.05,"vertical","Vertical outliers","study2_robust_rs","Study 2 robust random slope",5,20260923,-0.0138866320807805,0.0604218554823903,271.568325102284,-0.229827964896373,0.818398466848694,-0.132841424900676,0.105068160739115,FALSE,TRUE,TRUE,TRUE,0,TRUE,TRUE,1.1081210869299,0,1.13503329334723,0.193266274674454,0.93732469915453,0.05,0.1075,400,0.87613150511524,0.989617178898426,0,0,20,,,,,,,,,,,"Estimate | Std. Error | df | t value | Pr(>|t|)",7.70999999999981,14.0900000000001,0.25,22.05,5,731039463,TRUE
"RMM014","Study 2",10,40,0,0.1,"none","Clean","study2_robust_ri","Study 2 robust random intercept",5,20260923,-0.113116721398412,0.0550338656512128,152.525249911222,-2.05540207034174,0.0415455938705657,-0.22184379110721,-0.00438965168961457,TRUE,FALSE,TRUE,TRUE,0,TRUE,FALSE,1.13258789888541,,1.04136638694249,0.424337770101822,0.955438517845266,0.0125,0.0875,400,0.873260926552432,0.987326092655243,0,0,10,,,,,,,,,,,"Estimate | Std. Error | df | t value | Pr(>|t|)",8.50999999999999,8.01000000000022,0.25,16.7700000000002,1,561050143,TRUE
"RMM014","Study 2",10,40,0,0.1,"none","Clean","study2_robust_ri","Study 2 robust random intercept",5,20260923,0.0233449515843989,0.0504874388210782,219.597015420069,0.462391282456034,0.644258562438181,-0.0761569851218239,0.122846888290622,FALSE,TRUE,TRUE,TRUE,0,TRUE,FALSE,1.09990960006146,,0.981175167928456,0.459220771990286,0.962013413665649,0.0075,0.085,400,0.693288948829079,0.965603813250264,0,0.1,10,,,,,,,,,,,"Estimate | Std. Error | df | t value | Pr(>|t|)",2.94999999999982,8.42000000000007,0.25,11.6199999999999,2,275491558,TRUE
"RMM014","Study 2",10,40,0,0.1,"none","Clean","study2_robust_ri","Study 2 robust random intercept",5,20260923,-0.0736589035500748,0.0575362721932503,455.899616471217,-1.28021682222777,0.201119888395673,-0.186728097428522,0.0394102903283724,FALSE,TRUE,TRUE,TRUE,0,TRUE,FALSE,0.653767914916904,,1.07368843578614,0.437112570941416,0.964141827697848,0.005,0.08,400,0.764029116140357,0.976402911614036,0,0.1,10,,,,,,,,,,,"Estimate | Std. Error | df | t value | Pr(>|t|)",3.61999999999989,9.47000000000025,0.269999999999982,13.3600000000001,3,658591458,TRUE
"RMM014","Study 2",10,40,0,0.1,"none","Clean","study2_robust_ri","Study 2 robust random intercept",5,20260923,0.0496883629100097,0.0492118979896383,287.013152477106,1.00968190498305,0.313498155383043,-0.047173631031028,0.146550356851047,FALSE,TRUE,TRUE,TRUE,0,TRUE,FALSE,1.1172865756143,,0.958358775702912,0.426745427096445,0.955746256943076,0.0175,0.0925,400,0.830348089995217,0.979777350866107,0,0,10,,,,,,,,,,,"Estimate | Std. Error | df | t value | Pr(>|t|)",2.96000000000004,8.97000000000025,0.289999999999964,12.2200000000003,4,835799753,TRUE
"RMM014","Study 2",10,40,0,0.1,"none","Clean","study2_robust_ri","Study 2 robust random intercept",5,20260923,-0.0209201808000359,0.0549595209925383,228.712231505333,-0.380647073013541,0.703818449393101,-0.129211896309621,0.0873715347095495,FALSE,TRUE,TRUE,TRUE,0,TRUE,FALSE,1.16917431173576,,1.03234864352288,0.482178157354588,0.960258436156627,0.005,0.085,400,0.8905665246678,0.980177255433,0,0,10,,,,,,,,,,,"Estimate | Std. Error | df | t value | Pr(>|t|)",2.73999999999978,7.86000000000013,0.289999999999964,10.8899999999999,5,731039463,TRUE
"RMM015","Study 2",10,40,0,0.1,"none","Clean","study2_robust_rs","Study 2 robust random slope",5,20260923,-0.113116724975574,0.0550338625425921,152.524910875782,-2.05540225144164,0.0415455799621721,-0.221843790475448,-0.00438965947569903,TRUE,FALSE,TRUE,TRUE,0,TRUE,TRUE,1.13258802027487,0,1.04136632807789,0.424337746529992,0.955438510356655,0.0125,0.0875,400,0.87326101396499,0.99366305069825,0,0,20,,,,,,,,,,,"Estimate | Std. Error | df | t value | Pr(>|t|)",14.6300000000001,13.6599999999999,0.2800000000002,28.5700000000002,1,561050143,TRUE
"RMM015","Study 2",10,40,0,0.1,"none","Clean","study2_robust_rs","Study 2 robust random slope",5,20260923,0.0174950318620462,0.071136138535917,4.1083017251726,0.245937328369503,0.817531172071506,-0.177974029263422,0.212964092987514,FALSE,TRUE,TRUE,TRUE,0,TRUE,FALSE,1.09331710736957,0.154426648702022,0.974185960952505,0.449391348364776,0.963587012267306,0.0075,0.0775,400,0.69060485145514,0.982445755892766,0,0.05,20,,,,,,,,,,,"Estimate | Std. Error | df | t value | Pr(>|t|)",10.2800000000002,23.27,0.359999999999673,33.9099999999999,2,275491558,TRUE
"RMM015","Study 2",10,40,0,0.1,"none","Clean","study2_robust_rs","Study 2 robust random slope",5,20260923,-0.0736589036297913,0.0575362731419733,455.900779602861,-1.28021680250361,0.20111989366467,-0.186728098604824,0.0394102913452419,FALSE,TRUE,TRUE,TRUE,0,TRUE,TRUE,0.653767892304758,0,1.07368845359428,0.437112578625034,0.964141829861928,0.005,0.08,400,0.764029095893042,0.988201454794652,0,0.05,20,,,,,,,,,,,"Estimate | Std. Error | df | t value | Pr(>|t|)",21.9899999999998,15.1100000000001,0.2800000000002,37.3800000000001,3,658591458,TRUE
"RMM015","Study 2",10,40,0,0.1,"none","Clean","study2_robust_rs","Study 2 robust random slope",5,20260923,0.0496883640351258,0.0492118991103759,287.016768652436,1.00968190485153,0.313498144740521,-0.0471736269443532,0.146550355014605,FALSE,TRUE,TRUE,TRUE,0,TRUE,TRUE,1.1172866580802,0,0.958358797509528,0.426745436373883,0.955746260040354,0.0175,0.0925,400,0.830348146653908,0.989888680468488,0,0,20,,,,,,,,,,,"Estimate | Std. Error | df | t value | Pr(>|t|)",128,14.1599999999999,0.300000000000182,142.46,4,835799753,TRUE
"RMM015","Study 2",10,40,0,0.1,"none","Clean","study2_robust_rs","Study 2 robust random slope",5,20260923,-0.0274123206530216,0.0682869307087988,1.70199941543921,-0.401428507160733,0.732798374580369,-0.37647492251389,0.321650281207847,FALSE,TRUE,TRUE,TRUE,0,TRUE,FALSE,1.16103248899198,0.126709945676455,1.01616996095528,0.474060743455223,0.959624609093732,0.0075,0.09,400,0.868261759173566,0.982901627344776,0,0,20,,,,,,,,,,,"Estimate | Std. Error | df | t value | Pr(>|t|)",13.6099999999997,22.9900000000002,0.339999999999691,36.9399999999996,5,731039463,TRUE
"RMM016","Study 2",10,40,0,0.1,"vertical","Vertical outliers","study2_robust_ri","Study 2 robust random intercept",5,20260923,-0.112551798627029,0.0608165418253836,125.339192602055,-1.85067738560649,0.0665703544329574,-0.232912099320243,0.00780850206618536,FALSE,TRUE,TRUE,TRUE,0,TRUE,FALSE,1.11509883192485,,1.1508248092687,0.185035030873304,0.932008723765949,0.055,0.125,400,0.88000668432035,0.987995623897524,0,0,10,,,,,,,,,,,"Estimate | Std. Error | df | t value | Pr(>|t|)",6.38000000000011,9.01000000000022,0.279999999999745,15.6700000000001,1,561050143,TRUE
"RMM016","Study 2",10,40,0,0.1,"vertical","Vertical outliers","study2_robust_ri","Study 2 robust random intercept",5,20260923,-0.0298601444603239,0.0564806739050983,188.30019099999,-0.528678969208059,0.597650757154888,-0.141276312043507,0.0815560231228591,FALSE,TRUE,TRUE,TRUE,0,TRUE,FALSE,1.15023892587371,,1.09766072856702,0.204462686899661,0.936849896627651,0.0525,0.1025,400,0.733309071164202,0.967435936423127,0,0.1,10,,,,,,,,,,,"Estimate | Std. Error | df | t value | Pr(>|t|)",3.80000000000018,8.38000000000011,0.25,12.4300000000003,2,275491558,TRUE
"RMM016","Study 2",10,40,0,0.1,"vertical","Vertical outliers","study2_robust_ri","Study 2 robust random intercept",5,20260923,-0.105901988657229,0.0633028294512256,385.626085791931,-1.67294241940364,0.0951496298731477,-0.230363881345196,0.0185599040307373,FALSE,TRUE,TRUE,TRUE,0,TRUE,FALSE,0.635317677376345,,1.18160867349478,0.209929294588134,0.939144732252031,0.0525,0.105,400,0.788664841563069,0.974286187944298,0,0.1,10,,,,,,,,,,,"Estimate | Std. Error | df | t value | Pr(>|t|)",4.69999999999982,9.96000000000004,0.25,14.9099999999999,3,658591458,TRUE
"RMM016","Study 2",10,40,0,0.1,"vertical","Vertical outliers","study2_robust_ri","Study 2 robust random intercept",5,20260923,0.0792150035424162,0.0548000457072372,376.362643446028,1.44552805604603,0.149141757070062,-0.0285376200323755,0.186967627117208,FALSE,TRUE,TRUE,TRUE,0,TRUE,FALSE,1.13646491510888,,1.06722358296715,0.181088263202737,0.931779831053058,0.06,0.1125,400,0.873928966015924,0.984114206757115,0,0,10,,,,,,,,,,,"Estimate | Std. Error | df | t value | Pr(>|t|)",3.67000000000007,8.90000000000009,0.25,12.8200000000002,4,835799753,TRUE
"RMM016","Study 2",10,40,0,0.1,"vertical","Vertical outliers","study2_robust_ri","Study 2 robust random intercept",5,20260923,-0.0209585561011204,0.0611326396300523,237.237029452136,-0.342837414316678,0.732024356942013,-0.141390706444165,0.099473594241924,FALSE,TRUE,TRUE,TRUE,0,TRUE,FALSE,1.11312878114858,,1.14839007909486,0.195229639087615,0.937989190284067,0.05,0.1025,400,0.879349468735289,0.979927672130822,0,0,10,,,,,,,,,,,"Estimate | Std. Error | df | t value | Pr(>|t|)",4.12999999999965,9.05000000000018,0.260000000000218,13.4400000000001,5,731039463,TRUE
"RMM017","Study 2",10,40,0,0.1,"vertical","Vertical outliers","study2_robust_rs","Study 2 robust random slope",5,20260923,-0.111186203756665,0.0750746353592034,3.28145550974227,-1.48100890833078,0.227611187404458,-0.338922266243211,0.116549858729881,FALSE,TRUE,TRUE,TRUE,0,TRUE,FALSE,1.11174624521959,0.134893620867484,1.14273930023332,0.182825691465164,0.931722808193736,0.055,0.125,400,0.877116329799982,0.993852972099634,0,0,20,,,,,,,,,,,"Estimate | Std. Error | df | t value | Pr(>|t|)",13.71,23.2799999999997,0.370000000000346,37.3600000000001,1,561050143,TRUE
"RMM017","Study 2",10,40,0,0.1,"vertical","Vertical outliers","study2_robust_rs","Study 2 robust random slope",5,20260923,-0.0342863653482116,0.0726990518499344,2.1486231466251,-0.471620529783326,0.680784969653253,-0.32723887927976,0.258666148583337,FALSE,TRUE,TRUE,TRUE,0,TRUE,FALSE,1.14182498924527,0.141670749641035,1.0880363948901,0.202346440910487,0.937606206657219,0.0525,0.1025,400,0.72935371096453,0.983270251176959,0,0.05,20,,,,,,,,,,,"Estimate | Std. Error | df | t value | Pr(>|t|)",22.6700000000001,23.4000000000001,0.349999999999909,46.4200000000001,2,275491558,TRUE
"RMM017","Study 2",10,40,0,0.1,"vertical","Vertical outliers","study2_robust_rs","Study 2 robust random slope",5,20260923,-0.111073688492138,0.0766290067831472,2.54359826987232,-1.44949925824389,0.258343837149379,-0.381665786400997,0.159518409416721,FALSE,TRUE,TRUE,TRUE,0,TRUE,FALSE,0.64486441306572,0.132750582981354,1.1754204316644,0.20936541700746,0.93968210931417,0.0525,0.105,400,0.799720742424374,0.98799020244121,0,0.05,20,,,,,,,,,,,"Estimate | Std. Error | df | t value | Pr(>|t|)",20.3600000000001,23.6600000000003,0.329999999999927,44.3500000000004,3,658591458,TRUE
"RMM017","Study 2",10,40,0,0.1,"vertical","Vertical outliers","study2_robust_rs","Study 2 robust random slope",5,20260923,0.0792150037494187,0.0548000466005052,376.367558731012,1.44552803626062,0.149141751759205,-0.0285376170421446,0.186967624540982,FALSE,TRUE,TRUE,TRUE,0,TRUE,TRUE,1.13646499674655,0,1.06722360033636,0.181088266079243,0.931779832846795,0.06,0.1125,400,0.873929019507601,0.992057108245139,0,0,20,,,,,,,,,,,"Estimate | Std. Error | df | t value | Pr(>|t|)",5.11000000000013,13.9499999999998,0.269999999999982,19.3299999999999,4,835799753,TRUE
"RMM017","Study 2",10,40,0,0.1,"vertical","Vertical outliers","study2_robust_rs","Study 2 robust random slope",5,20260923,-0.0209585557675378,0.0611326408553926,237.243314287528,-0.342837401988156,0.732024358167925,-0.141390692167126,0.0994735806320505,FALSE,TRUE,TRUE,TRUE,0,TRUE,TRUE,1.11312889927714,0,1.14839010205764,0.195229642818401,0.937989192347659,0.05,0.1025,400,0.879349550288366,0.989963844202231,0,0,20,,,,,,,,,,,"Estimate | Std. Error | df | t value | Pr(>|t|)",29.9400000000001,14.04,0.269999999999982,44.25,5,731039463,TRUE
"RMM018","Study 2",20,40,0,0.05,"none","Clean","study2_robust_ri","Study 2 robust random intercept",5,20260924,-0.0376557351456448,0.0391319502267734,480.837796673751,-0.962275964459379,0.336394657785487,-0.114546489043242,0.0392350187519521,FALSE,TRUE,TRUE,TRUE,0,TRUE,FALSE,0.832124896444406,,1.02930887499233,0.423958398316851,0.95939394055767,0.0075,0.08875,800,0.646962397378879,0.945349951392609,0,0.15,20,,,,,,,,,,,"Estimate | Std. Error | df | t value | Pr(>|t|)",9.67000000000007,19.02,0.529999999999745,29.2199999999998,1,493606906,TRUE
"RMM018","Study 2",20,40,0,0.05,"none","Clean","study2_robust_ri","Study 2 robust random intercept",5,20260924,-0.0136849309329698,0.0363528241611683,516.896081733553,-0.376447531897341,0.706738686172298,-0.0851023813742145,0.0577325195082748,FALSE,TRUE,TRUE,TRUE,0,TRUE,FALSE,0.877728378320252,,1.05142549388769,0.399927624588925,0.961916106917928,0.00875,0.08375,800,0.7627665129142,0.976363759495882,0,0.1,20,,,,,,,,,,,"Estimate | Std. Error | df | t value | Pr(>|t|)",4.82000000000016,19.1300000000001,0.559999999999945,24.5100000000002,2,386603050,TRUE
"RMM018","Study 2",20,40,0,0.05,"none","Clean","study2_robust_ri","Study 2 robust random intercept",5,20260924,0.0225147202135064,0.0379075427760788,590.808480275476,0.59393773810404,0.552781093767329,-0.051935215389643,0.0969646558166558,FALSE,TRUE,TRUE,TRUE,0,TRUE,FALSE,0.720772546274264,,1.01085704516648,0.393072722895031,0.964129529105762,0.00625,0.085,800,0.378737322636573,0.923352043131895,0.1,0.15,20,,,,,,,,,,,"Estimate | Std. Error | df | t value | Pr(>|t|)",7.05999999999995,20.0500000000002,0.529999999999745,27.6399999999999,3,60044151,TRUE
"RMM018","Study 2",20,40,0,0.05,"none","Clean","study2_robust_ri","Study 2 robust random intercept",5,20260924,-0.0105672346619868,0.0377162020278908,907.657344015417,-0.280177591958289,0.779405098828298,-0.0845883374291643,0.0634538681051907,FALSE,TRUE,TRUE,TRUE,0,TRUE,FALSE,1.38429915100869,,0.9956785666388,0.450339738042667,0.964858781007948,0.005,0.07625,800,0.884832415605103,0.986540330730073,0,0,20,,,,,,,,,,,"Estimate | Std. Error | df | t value | Pr(>|t|)",5.26000000000022,17.1299999999997,0.550000000000182,22.9400000000001,4,1335545557,TRUE
"RMM018","Study 2",20,40,0,0.05,"none","Clean","study2_robust_ri","Study 2 robust random intercept",5,20260924,0.0100689792531475,0.0403345768139212,735.144658462704,0.249636417399384,0.802938269507554,-0.0691157069982859,0.0892536655045809,FALSE,TRUE,TRUE,TRUE,0,TRUE,FALSE,1.40580136697952,,1.08137362517147,0.351363243061229,0.963872231173025,0.00375,0.07875,800,0.661057455412989,0.967604201761264,0,0.05,20,,,,,,,,,,,"Estimate | Std. Error | df | t value | Pr(>|t|)",4.84000000000015,18.9699999999998,0.519999999999982,24.3299999999999,5,516863982,TRUE
"RMM019","Study 2",20,40,0,0.05,"none","Clean","study2_robust_rs","Study 2 robust random slope",5,20260924,-0.0376557348791713,0.0391319503009891,480.83327340418,-0.962275955824761,0.336394666664745,-0.114546490747773,0.0392350209894305,FALSE,TRUE,TRUE,TRUE,0,TRUE,TRUE,0.832124866454539,0,1.02930887698327,0.423958398838668,0.959393940770679,0.0075,0.08875,800,0.646962371284415,0.972674973233141,0,0.075,40,,,,,,,,,,,"Estimate | Std. Error | df | t value | Pr(>|t|)",13.23,31.9099999999999,0.559999999999945,45.6999999999998,1,493606906,TRUE
"RMM019","Study 2",20,40,0,0.05,"none","Clean","study2_robust_rs","Study 2 robust random slope",5,20260924,-0.0136849308306198,0.0363528253627284,516.896311176227,-0.37644751663926,0.706738697438242,-0.0851023835580068,0.0577325218967671,FALSE,TRUE,TRUE,TRUE,0,TRUE,TRUE,0.877728302705987,0,1.05142552871127,0.399927638670692,0.961916111434124,0.00875,0.08375,800,0.76276645969502,0.988181875852593,0,0.05,40,,,,,,,,,,,"Estimate | Std. Error | df | t value | Pr(>|t|)",13.9299999999998,31.2000000000003,0.549999999999727,45.6799999999998,2,386603050,TRUE
"RMM019","Study 2",20,40,0,0.05,"none","Clean","study2_robust_rs","Study 2 robust random slope",5,20260924,0.0204360462192819,0.0478347846643118,13.5323529721565,0.427221453231056,0.675937401553404,-0.0824929849355615,0.123365077374125,FALSE,TRUE,TRUE,TRUE,0,TRUE,FALSE,0.719809401903811,0.126846245952123,1.00325201639606,0.404932607600793,0.964625651452238,0.00625,0.08125,800,0.377673415230289,0.961707325200467,0.05,0.075,40,,,,,,,,,,,"Estimate | Std. Error | df | t value | Pr(>|t|)",26.1900000000001,54.8299999999999,0.7199999999998,81.7399999999998,3,60044151,TRUE
"RMM019","Study 2",20,40,0,0.05,"none","Clean","study2_robust_rs","Study 2 robust random slope",5,20260924,-0.0105672345354074,0.0377162015999591,907.654874525403,-0.280177591781111,0.779405099137852,-0.0845883367316373,0.0634538676608225,FALSE,TRUE,TRUE,TRUE,0,TRUE,TRUE,1.38429916602915,0,0.995678555334723,0.450339732726144,0.964858779426053,0.005,0.07625,800,0.884832423932377,0.993270165922645,0,0,40,,"boundary (singular) fit: see help('isSingular')",,,,,,,,,"Estimate | Std. Error | df | t value | Pr(>|t|)",18.29,29.77,0.5600000000004,48.6200000000003,4,1335545557,TRUE
"RMM019","Study 2",20,40,0,0.05,"none","Clean","study2_robust_rs","Study 2 robust random slope",5,20260924,0.0100689774106369,0.0403345800428558,735.143871853181,0.249636351734382,0.802938320348545,-0.0691157153195497,0.0892536701408236,FALSE,TRUE,TRUE,TRUE,0,TRUE,TRUE,1.40580109382718,0,1.0813737118543,0.351363270015052,0.963872242446314,0.00375,0.07875,800,0.661057328598358,0.983802086057084,0,0.025,40,,"boundary (singular) fit: see help('isSingular')",,,,,,,,,"Estimate | Std. Error | df | t value | Pr(>|t|)",16.0299999999997,29.4700000000003,0.559999999999945,46.0599999999999,5,516863982,TRUE
"RMM020","Study 2",20,40,0,0.05,"vertical","Vertical outliers","study2_robust_ri","Study 2 robust random intercept",5,20260924,-0.0306412079635645,0.0433947237572701,439.867133192707,-0.706104459495057,0.480496991153616,-0.115927972418893,0.0546455564917637,FALSE,TRUE,TRUE,TRUE,0,TRUE,FALSE,0.856500321681848,,1.14152555260037,0.193422431519431,0.935680871049609,0.0525,0.10875,800,0.66611502770349,0.952471890205917,0,0.15,20,,,,,,,,,,,"Estimate | Std. Error | df | t value | Pr(>|t|)",10,21.3400000000001,0.559999999999945,31.9000000000001,1,493606906,TRUE
"RMM020","Study 2",20,40,0,0.05,"vertical","Vertical outliers","study2_robust_ri","Study 2 robust random intercept",5,20260924,-0.0259205098865325,0.0402465061894098,634.728823735498,-0.644043728033045,0.519779730513243,-0.104952914440108,0.0531118946670426,FALSE,TRUE,TRUE,TRUE,0,TRUE,FALSE,0.869275323541415,,1.16412340747747,0.191434151695711,0.938387870217642,0.0525,0.10625,800,0.79287265072829,0.982246578710241,0,0.05,20,,,,,,,,,,,"Estimate | Std. Error | df | t value | Pr(>|t|)",7.7199999999998,21.77,0.5300000000002,30.02,2,386603050,TRUE
"RMM020","Study 2",20,40,0,0.05,"vertical","Vertical outliers","study2_robust_ri","Study 2 robust random intercept",5,20260924,0.0481802357796803,0.0422324310845571,605.045827163464,1.14083500623524,0.254389943351284,-0.0347597196704729,0.131120191229834,FALSE,TRUE,TRUE,TRUE,0,TRUE,FALSE,0.660717506280543,,1.12645465401328,0.194536998879493,0.941621826134717,0.0525,0.095,800,0.35379121799142,0.918294819864086,0.1,0.15,20,,,,,,,,,,,"Estimate | Std. Error | df | t value | Pr(>|t|)",8.35000000000036,22.0599999999999,0.529999999999745,30.9400000000001,3,60044151,TRUE
"RMM020","Study 2",20,40,0,0.05,"vertical","Vertical outliers","study2_robust_ri","Study 2 robust random intercept",5,20260924,-0.00891576459319625,0.0411894572349849,838.0304699696,-0.216457443037718,0.828683873322613,-0.0897623809004097,0.0719308517140172,FALSE,TRUE,TRUE,TRUE,0,TRUE,FALSE,1.39813425177688,,1.08739893544106,0.162035312831209,0.939858224184975,0.05,0.1,800,0.926974997967728,0.990497629847837,0,0,20,,,,,,,,,,,"Estimate | Std. Error | df | t value | Pr(>|t|)",6.55999999999995,19.0500000000002,0.529999999999745,26.1399999999999,4,1335545557,TRUE
"RMM020","Study 2",20,40,0,0.05,"vertical","Vertical outliers","study2_robust_ri","Study 2 robust random intercept",5,20260924,-0.00192776235207357,0.044642678213653,699.221341644013,-0.0431820497607154,0.965568742021639,-0.0895775225640177,0.0857219978598706,FALSE,TRUE,TRUE,TRUE,0,TRUE,FALSE,1.39004001385183,,1.19693258003545,0.205224012670405,0.940926274113924,0.05375,0.09125,800,0.658796575294378,0.966845130795553,0,0.05,20,,,,,,,,,,,"Estimate | Std. Error | df | t value | Pr(>|t|)",5.97000000000025,20.0099999999998,0.550000000000182,26.5300000000002,5,516863982,TRUE
"RMM021","Study 2",20,40,0,0.05,"vertical","Vertical outliers","study2_robust_rs","Study 2 robust random slope",5,20260924,-0.0306412082952861,0.0433947243380888,439.874144827668,-0.706104457688453,0.480496986319892,-0.115927970141365,0.0546455535507925,FALSE,TRUE,TRUE,TRUE,0,TRUE,TRUE,0.856500453073102,0,1.14152556769693,0.193422434206572,0.935680872548115,0.0525,0.10875,800,0.666115134872087,0.976235954375924,0,0.075,40,,,,,,,,,,,"Estimate | Std. Error | df | t value | Pr(>|t|)",14.3299999999999,32,0.529999999999745,46.8599999999997,1,493606906,TRUE
"RMM021","Study 2",20,40,0,0.05,"vertical","Vertical outliers","study2_robust_rs","Study 2 robust random slope",5,20260924,-0.0259205099949482,0.0402465069427265,634.728206718692,-0.644043718671906,0.519779736805505,-0.104952916174589,0.0531118961846928,FALSE,TRUE,TRUE,TRUE,0,TRUE,TRUE,0.869275390671823,0,1.16412342921957,0.191434155219539,0.938387872325711,0.0525,0.10625,800,0.79287270900345,0.991123292990007,0,0.025,40,,"boundary (singular) fit: see help('isSingular')",,,,,,,,,"Estimate | Std. Error | df | t value | Pr(>|t|)",21.3499999999999,31.6500000000001,0.529999999999745,53.5299999999997,2,386603050,TRUE
"RMM021","Study 2",20,40,0,0.05,"vertical","Vertical outliers","study2_robust_rs","Study 2 robust random slope",5,20260924,0.0481802332443823,0.0422324307195216,605.050877797414,1.14083495606402,0.254389960451053,-0.0347597201012153,0.13112018658998,FALSE,TRUE,TRUE,TRUE,0,TRUE,TRUE,0.660717646204868,0,1.12645464391825,0.194536996950819,0.941621825092806,0.0525,0.095,800,0.353791290847752,0.959147418624887,0.05,0.075,40,,,,,,,,,,,"Estimate | Std. Error | df | t value | Pr(>|t|)",27.7800000000002,34.27,0.559999999999945,62.6100000000001,3,60044151,TRUE
"RMM021","Study 2",20,40,0,0.05,"vertical","Vertical outliers","study2_robust_rs","Study 2 robust random slope",5,20260924,-0.00891576495703344,0.0411894588428085,838.032485507653,-0.216457443421597,0.828683872896833,-0.089762384138856,0.0719308542247891,FALSE,TRUE,TRUE,TRUE,0,TRUE,TRUE,1.39813422257671,0,1.08739897791156,0.162035319207471,0.939858228618972,0.05,0.1,800,0.92697498427038,0.995248813939876,0,0,40,,"boundary (singular) fit: see help('isSingular')",,,,,,,,,"Estimate | Std. Error | df | t value | Pr(>|t|)",19.6299999999997,28.6900000000001,0.559999999999945,48.8799999999997,4,1335545557,TRUE
"RMM021","Study 2",20,40,0,0.05,"vertical","Vertical outliers","study2_robust_rs","Study 2 robust random slope",5,20260924,-0.0019277621809761,0.0446426789909,699.231263778086,-0.0431820451762999,0.965568745499848,-0.0895775217623732,0.085721997400421,FALSE,TRUE,TRUE,TRUE,0,TRUE,TRUE,1.39004003164692,0,1.19693260087718,0.205224016200955,0.940926276071581,0.05375,0.09125,800,0.658796583586084,0.983422566500935,0,0.025,40,,"boundary (singular) fit: see help('isSingular')",,,,,,,,,"Estimate | Std. Error | df | t value | Pr(>|t|)",16.48,29.54,0.519999999999982,46.54,5,516863982,TRUE
"RMM022","Study 2",20,40,0,0.1,"none","Clean","study2_robust_ri","Study 2 robust random intercept",5,20260924,-0.053894468469043,0.0392775870357372,487.754287727321,-1.37214306011228,0.170649614413203,-0.131068624160654,0.0232796872225681,FALSE,TRUE,TRUE,TRUE,0,TRUE,FALSE,0.833054163938202,,1.03314231338548,0.423174525618329,0.959546762946038,0.0075,0.0875,800,0.647400180424726,0.945550817964723,0,0.15,20,,,,,,,,,,,"Estimate | Std. Error | df | t value | Pr(>|t|)",9.17000000000007,19.5,0.550000000000182,29.2200000000003,1,493606906,TRUE
"RMM022","Study 2",20,40,0,0.1,"none","Clean","study2_robust_ri","Study 2 robust random intercept",5,20260924,-0.0118852808534692,0.0364603259013921,536.68346227419,-0.32597845904102,0.744567717390062,-0.0835077278702886,0.0597371661633502,FALSE,TRUE,TRUE,TRUE,0,TRUE,FALSE,0.874281276540839,,1.05453889219618,0.398857069537972,0.961910833316609,0.00875,0.08875,800,0.759587755757766,0.976072886461739,0,0.1,20,,,,,,,,,,,"Estimate | Std. Error | df | t value | Pr(>|t|)",4.84000000000015,19.3000000000002,0.529999999999745,24.6700000000001,2,386603050,TRUE
"RMM022","Study 2",20,40,0,0.1,"none","Clean","study2_robust_ri","Study 2 robust random intercept",5,20260924,0.0175067825736593,0.0379895284374647,605.278468460107,0.460831794805707,0.645084819458992,-0.0571005106355305,0.0921140757828491,FALSE,TRUE,TRUE,TRUE,0,TRUE,FALSE,0.721491627137484,,1.01304451118679,0.39008119084281,0.964056126032291,0.00625,0.085,800,0.379796621602773,0.923268847364119,0.1,0.15,20,,,,,,,,,,,"Estimate | Std. Error | df | t value | Pr(>|t|)",7.0300000000002,20.0599999999999,0.510000000000218,27.6000000000004,3,60044151,TRUE
"RMM022","Study 2",20,40,0,0.1,"none","Clean","study2_robust_ri","Study 2 robust random intercept",5,20260924,-0.0186703267192372,0.0379540505982036,872.524511568405,-0.491919213495513,0.622900189256252,-0.0931622315358469,0.0558215780973724,FALSE,TRUE,TRUE,TRUE,0,TRUE,FALSE,1.38865143979238,,1.00195858847856,0.459908455585608,0.965352937766235,0.005,0.075,800,0.887251243856848,0.987143845435115,0,0,20,,,,,,,,,,,"Estimate | Std. Error | df | t value | Pr(>|t|)",5.25999999999976,17.5,0.510000000000218,23.27,4,1335545557,TRUE
"RMM022","Study 2",20,40,0,0.1,"none","Clean","study2_robust_ri","Study 2 robust random intercept",5,20260924,0.0149710461027196,0.0403889758894464,723.307655487059,0.37067159473661,0.710990676955346,-0.0643225760909216,0.0942646682963607,FALSE,TRUE,TRUE,TRUE,0,TRUE,FALSE,1.40727753927196,,1.08283219429225,0.349303871715488,0.963819855371422,0.00375,0.07875,800,0.662694547595022,0.967978550057423,0,0.05,20,,,,,,,,,,,"Estimate | Std. Error | df | t value | Pr(>|t|)",5.25,17.3599999999997,0.5300000000002,23.1399999999999,5,516863982,TRUE
"RMM023","Study 2",20,40,0,0.1,"none","Clean","study2_robust_rs","Study 2 robust random slope",5,20260924,-0.0538944668081936,0.0392775854402712,487.749665824123,-1.37214307356419,0.170649616202524,-0.131068621184048,0.0232796875676612,FALSE,TRUE,TRUE,TRUE,0,TRUE,TRUE,0.833054192578215,0,1.03314227134159,0.423174506615464,0.959546757358703,0.0075,0.0875,800,0.647400196106049,0.97277541109694,0,0.075,40,,,,,,,,,,,"Estimate | Std. Error | df | t value | Pr(>|t|)",14.3099999999999,32.5999999999999,0.5300000000002,47.4400000000001,1,493606906,TRUE
"RMM023","Study 2",20,40,0,0.1,"none","Clean","study2_robust_rs","Study 2 robust random slope",5,20260924,-0.0118852809276889,0.0364603265641873,536.68368069323,-0.325978455150838,0.744567720280022,-0.0835077291806176,0.0597371673252399,FALSE,TRUE,TRUE,TRUE,0,TRUE,TRUE,0.874281229904138,0,1.05453891140949,0.398857077214743,0.961910835780455,0.00875,0.08875,800,0.759587721951775,0.988036440770068,0,0.05,40,,,,,,,,,,,"Estimate | Std. Error | df | t value | Pr(>|t|)",24.71,31.8599999999997,0.570000000000164,57.1399999999999,2,386603050,TRUE
"RMM023","Study 2",20,40,0,0.1,"none","Clean","study2_robust_rs","Study 2 robust random slope",5,20260924,0.0153779626817007,0.0510074911707644,23.5170421913453,0.301484396286378,0.765694934891022,-0.0900108519377622,0.120766777301164,FALSE,TRUE,TRUE,TRUE,0,TRUE,FALSE,0.719597957794534,0.148153060043921,1.00321509155403,0.405896238263885,0.964676729238455,0.00625,0.0825,800,0.377753651210427,0.961649976601265,0.05,0.075,40,,,,,,,,,,,"Estimate | Std. Error | df | t value | Pr(>|t|)",19.75,55.02,0.669999999999618,75.4399999999996,3,60044151,TRUE
"RMM023","Study 2",20,40,0,0.1,"none","Clean","study2_robust_rs","Study 2 robust random slope",5,20260924,-0.0186703269218369,0.0379540503250135,872.521593668443,-0.491919222374331,0.622900183395582,-0.0931622315482979,0.0558215777046242,FALSE,TRUE,TRUE,TRUE,0,TRUE,TRUE,1.38865142683202,0,1.00195858126723,0.459908452301683,0.965352936776852,0.005,0.075,800,0.887251236196718,0.993571922170538,0,0,40,,,,,,,,,,,"Estimate | Std. Error | df | t value | Pr(>|t|)",19.54,29.1999999999998,0.570000000000164,49.3099999999999,4,1335545557,TRUE
"RMM023","Study 2",20,40,0,0.1,"none","Clean","study2_robust_rs","Study 2 robust random slope",5,20260924,0.0149710464027431,0.0403889779847237,723.306700721904,0.370671582935463,0.710990685885568,-0.0643225800798809,0.0942646728853671,FALSE,TRUE,TRUE,TRUE,0,TRUE,TRUE,1.40727743169513,0,1.08283225052063,0.349303889420282,0.963819862475615,0.00375,0.07875,800,0.662694498352458,0.983989269287658,0,0.025,40,,"boundary (singular) fit: see help('isSingular')",,,,,,,,,"Estimate | Std. Error | df | t value | Pr(>|t|)",18.4699999999998,29.5900000000001,0.559999999999945,48.6199999999999,5,516863982,TRUE
"RMM024","Study 2",20,40,0,0.1,"vertical","Vertical outliers","study2_robust_ri","Study 2 robust random intercept",5,20260924,-0.0474595209253892,0.0435469128144732,447.005557517143,-1.08984811684781,0.276367217220596,-0.133041622762263,0.038122580911485,FALSE,TRUE,TRUE,TRUE,0,TRUE,FALSE,0.857642662404746,,1.14553181896347,0.19242842462377,0.935856884041461,0.0525,0.10875,800,0.667112060450727,0.95274779893498,0,0.15,20,,,,,,,,,,,"Estimate | Std. Error | df | t value | Pr(>|t|)",12.0299999999997,21.2600000000002,0.549999999999727,33.8399999999997,1,493606906,TRUE
"RMM024","Study 2",20,40,0,0.1,"vertical","Vertical outliers","study2_robust_ri","Study 2 robust random intercept",5,20260924,-0.0236737611014192,0.0403737721511899,656.793914695479,-0.586364856193441,0.5578318161307,-0.102950990828089,0.0556034686252506,FALSE,TRUE,TRUE,TRUE,0,TRUE,FALSE,0.866176066076371,,1.16781006378994,0.191868634265961,0.938454152287113,0.0525,0.10625,800,0.789977688829736,0.982034814303462,0,0.05,20,,,,,,,,,,,"Estimate | Std. Error | df | t value | Pr(>|t|)",7.75,20.8000000000002,0.559999999999945,29.1100000000001,2,386603050,TRUE
"RMM024","Study 2",20,40,0,0.1,"vertical","Vertical outliers","study2_robust_ri","Study 2 robust random intercept",5,20260924,0.0430236891789319,0.0423246659509415,617.994725596782,1.0165157411709,0.309781646446977,-0.0400939149694989,0.126141293327363,FALSE,TRUE,TRUE,TRUE,0,TRUE,FALSE,0.659665008713383,,1.12892098592798,0.196151155050566,0.941617146115772,0.0525,0.09125,800,0.35385133709542,0.91812319895066,0.1,0.15,20,,,,,,,,,,,"Estimate | Std. Error | df | t value | Pr(>|t|)",8.55999999999995,22.0599999999999,0.550000000000182,31.1700000000001,3,60044151,TRUE
"RMM024","Study 2",20,40,0,0.1,"vertical","Vertical outliers","study2_robust_ri","Study 2 robust random intercept",5,20260924,-0.0166701295807861,0.0414588023784733,811.366803670437,-0.402089028732816,0.687724404347002,-0.0980492841274692,0.064709024965897,FALSE,TRUE,TRUE,TRUE,0,TRUE,FALSE,1.40272066211477,,1.09451094438351,0.163881077610513,0.940458796873083,0.05,0.09875,800,0.929602536628551,0.991095949228422,0,0,20,,,,,,,,,,,"Estimate | Std. Error | df | t value | Pr(>|t|)",6.78999999999996,18.46,0.529999999999745,25.7799999999997,4,1335545557,TRUE
"RMM024","Study 2",20,40,0,0.1,"vertical","Vertical outliers","study2_robust_ri","Study 2 robust random intercept",5,20260924,0.00359347806909915,0.0447019274463631,672.17020179437,0.0803875419781593,0.935952962684365,-0.0841787346419606,0.0913656907801589,FALSE,TRUE,TRUE,TRUE,0,TRUE,FALSE,1.39121984878441,,1.19852141057464,0.204818441630553,0.940869750595299,0.05375,0.09,800,0.660175820585334,0.967248337620547,0,0.05,20,,,,,,,,,,,"Estimate | Std. Error | df | t value | Pr(>|t|)",6.5,19.8600000000001,0.529999999999745,26.8899999999999,5,516863982,TRUE
"RMM025","Study 2",20,40,0,0.1,"vertical","Vertical outliers","study2_robust_rs","Study 2 robust random slope",5,20260924,-0.0474595211043629,0.0435469145672283,447.012679482528,-1.08984807709153,0.27636722536758,-0.133041622684198,0.0381225804754718,FALSE,TRUE,TRUE,TRUE,0,TRUE,TRUE,0.857642733223248,0,1.14553186501541,0.192428432440051,0.93585688858746,0.0525,0.10875,800,0.667112120056464,0.976373904666918,0,0.075,40,,,,,,,,,,,"Estimate | Std. Error | df | t value | Pr(>|t|)",16.8400000000001,32.0999999999999,0.579999999999927,49.52,1,493606906,TRUE
"RMM025","Study 2",20,40,0,0.1,"vertical","Vertical outliers","study2_robust_rs","Study 2 robust random slope",5,20260924,-0.0236737610514673,0.040373772612873,656.792501803186,-0.586364848250991,0.55783182189701,-0.10295099199953,0.055603469896595,FALSE,TRUE,TRUE,TRUE,0,TRUE,TRUE,0.866176117240589,0,1.16781007710487,0.191868636402643,0.938454153570599,0.0525,0.10625,800,0.789977733000021,0.991017409948681,0,0.025,40,,"boundary (singular) fit: see help('isSingular')",,,,,,,,,"Estimate | Std. Error | df | t value | Pr(>|t|)",26.4199999999996,31.9900000000007,0.529999999999745,58.9400000000001,2,386603050,TRUE
"RMM025","Study 2",20,40,0,0.1,"vertical","Vertical outliers","study2_robust_rs","Study 2 robust random slope",5,20260924,0.0396015375515259,0.0520791199336438,5.91483486442298,0.760411036169274,0.476216645516978,-0.0882775755635984,0.16748065066665,FALSE,TRUE,TRUE,TRUE,0,TRUE,FALSE,0.657370479899935,0.132170555005923,1.12005490160161,0.195241648225232,0.941832416666691,0.0525,0.09125,800,0.352004266035473,0.959010688861834,0.05,0.075,40,,,,,,,,,,,"Estimate | Std. Error | df | t value | Pr(>|t|)",38.7600000000002,54.9499999999998,0.710000000000036,94.4200000000001,3,60044151,TRUE
"RMM025","Study 2",20,40,0,0.1,"vertical","Vertical outliers","study2_robust_rs","Study 2 robust random slope",5,20260924,-0.0166701294125963,0.0414588041003222,811.36972307107,-0.402089007976637,0.687724419234893,-0.0980492869016487,0.0647090280764561,FALSE,TRUE,TRUE,TRUE,0,TRUE,TRUE,1.40272066640146,0,1.09451098985591,0.163881084443431,0.940458801607501,0.05,0.09875,800,0.929602539916463,0.995547974889026,0,0,40,,"boundary (singular) fit: see help('isSingular')",,,,,,,,,"Estimate | Std. Error | df | t value | Pr(>|t|)",30.7800000000007,29.7199999999993,0.610000000000582,61.1100000000006,4,1335545557,TRUE
"RMM025","Study 2",20,40,0,0.1,"vertical","Vertical outliers","study2_robust_rs","Study 2 robust random slope",5,20260924,0.00359347835387544,0.0447019287107496,672.175835214427,0.0803875460749708,0.935952959226856,-0.0841787355129059,0.0913656922206568,FALSE,TRUE,TRUE,TRUE,0,TRUE,TRUE,1.39121991429447,0,1.19852144446376,0.204818447333211,0.940869753789325,0.05375,0.09,800,0.660175850710819,0.983624172619193,0,0.025,40,,"boundary (singular) fit: see help('isSingular')",,,,,,,,,"Estimate | Std. Error | df | t value | Pr(>|t|)",18.7799999999997,30.7000000000007,0.549999999999272,50.0299999999997,5,516863982,TRUE
"RMM026","Study 2",40,40,0,0.05,"none","Clean","study2_robust_ri","Study 2 robust random intercept",5,20260925,-0.0125518948324839,0.0260363534866635,880.744006760985,-0.482091120744435,0.629860993996207,-0.0636524333295981,0.0385486436646303,FALSE,TRUE,TRUE,TRUE,0,TRUE,FALSE,1.12807013143249,,1.00909281581932,0.418481509439892,0.962512242731648,0.00625,0.076875,1600,0.472857638405679,0.949661812207182,0.025,0.1,40,,,,,,,,,,,"Estimate | Std. Error | df | t value | Pr(>|t|)",14.8000000000002,44.2300000000005,1.34000000000015,60.3700000000008,1,1486507527,TRUE
"RMM026","Study 2",40,40,0,0.05,"none","Clean","study2_robust_ri","Study 2 robust random intercept",5,20260925,-0.0297123140603371,0.0259667310006271,1034.22002570503,-1.14424546007041,0.25278660952881,-0.0806658021175788,0.0212411739969047,FALSE,TRUE,TRUE,TRUE,0,TRUE,FALSE,0.938102243105314,,0.989965225789001,0.397153017008001,0.956660759499821,0.00875,0.099375,1600,0.564271284607737,0.951165485145489,0,0.125,40,,,,,,,,,,,"Estimate | Std. Error | df | t value | Pr(>|t|)",9.83999999999924,46.9900000000007,1.33999999999924,58.1699999999992,2,997572265,TRUE
"RMM026","Study 2",40,40,0,0.05,"none","Clean","study2_robust_ri","Study 2 robust random intercept",5,20260925,0.0458163416068052,0.0265555236526407,1081.98040183098,1.72530363950285,0.0847583059678088,-0.00628981612388013,0.0979224993374905,FALSE,TRUE,TRUE,TRUE,0,TRUE,FALSE,1.03176636805172,,1.02184853547006,0.425141371653068,0.967275026989082,0.0025,0.06875,1600,0.531563704082619,0.960308653396424,0,0.075,40,,,,,,,,,,,"Estimate | Std. Error | df | t value | Pr(>|t|)",11.2799999999997,48.2800000000007,1.33999999999924,60.8999999999996,3,2002591949,TRUE
"RMM026","Study 2",40,40,0,0.05,"none","Clean","study2_robust_ri","Study 2 robust random intercept",5,20260925,-0.00535009999882205,0.0254724770377008,1369.36894744673,-0.210034540060772,0.833671960004336,-0.0553194040375962,0.0446192040399521,FALSE,TRUE,TRUE,TRUE,0,TRUE,FALSE,0.827333810481717,,0.97535861859331,0.359013571167133,0.959036872749,0.00625,0.08625,1600,0.692832667252029,0.973087615907091,0,0.05,40,,,,,,,,,,,"Estimate | Std. Error | df | t value | Pr(>|t|)",10.9399999999996,48.6400000000003,1.31999999999971,60.8999999999996,4,45240270,TRUE
"RMM026","Study 2",40,40,0,0.05,"none","Clean","study2_robust_ri","Study 2 robust random intercept",5,20260925,-0.0341126124053871,0.0266383089332078,1631.5483702445,-1.28058475824874,0.200521570789883,-0.0863614988836924,0.0181362740729181,FALSE,TRUE,TRUE,TRUE,0,TRUE,FALSE,1.26038691090855,,1.02515951645237,0.433463811505605,0.962603286677161,0.00625,0.08125,1600,0.778440635341087,0.981522186561554,0,0.05,40,,,,,,,,,,,"Estimate | Std. Error | df | t value | Pr(>|t|)",10.2699999999995,45.0700000000006,1.29999999999927,56.6399999999994,5,395562116,TRUE
"RMM027","Study 2",40,40,0,0.05,"none","Clean","study2_robust_rs","Study 2 robust random slope",5,20260925,-0.0125518948691295,0.0260363533658209,880.743623612865,-0.482091124389443,0.629860991460109,-0.0636524331596611,0.0385486434214021,FALSE,TRUE,TRUE,TRUE,0,TRUE,TRUE,1.12807013974926,0,1.00909281113041,0.418481506979101,0.962512242079194,0.00625,0.076875,1600,0.472857642037884,0.974830906682081,0.0125,0.05,80,,,,,,,,,,,"Estimate | Std. Error | df | t value | Pr(>|t|)",148.26,76.25,1.42999999999938,225.94,1,1486507527,TRUE
"RMM027","Study 2",40,40,0,0.05,"none","Clean","study2_robust_rs","Study 2 robust random slope",5,20260925,-0.0297123120128213,0.0259667290285338,1034.22047240805,-1.14424546812082,0.252786606078316,-0.0806657961745171,0.0212411721488745,FALSE,TRUE,TRUE,TRUE,0,TRUE,TRUE,0.938102412490095,0,0.989965150482062,0.397152987040981,0.95666074900954,0.00875,0.099375,1600,0.564271387358558,0.975582755076527,0,0.0625,80,,,,,,,,,,,"Estimate | Std. Error | df | t value | Pr(>|t|)",45.2800000000007,78.3899999999994,1.90000000000055,125.570000000001,2,997572265,TRUE
"RMM027","Study 2",40,40,0,0.05,"none","Clean","study2_robust_rs","Study 2 robust random slope",5,20260925,0.0458163419896251,0.0265555239017733,1081.98072814663,1.72530363773262,0.0847583062006882,-0.00628981621229942,0.0979225001915497,FALSE,TRUE,TRUE,TRUE,0,TRUE,TRUE,1.03176627269413,0,1.02184854510339,0.42514137577924,0.96727502830449,0.0025,0.06875,1600,0.53156365754656,0.980154321294876,0,0.0375,80,,,,,,,,,,,"Estimate | Std. Error | df | t value | Pr(>|t|)",20.46,79.5300000000007,1.39999999999964,101.39,3,2002591949,TRUE
"RMM027","Study 2",40,40,0,0.05,"none","Clean","study2_robust_rs","Study 2 robust random slope",5,20260925,-0.00535009990009859,0.0254724774001554,1369.36848208366,-0.210034533196443,0.833671965371349,-0.0553194046649216,0.0446192048647244,FALSE,TRUE,TRUE,TRUE,0,TRUE,TRUE,0.8273337859595,0,0.975358632510794,0.359013576445694,0.95903687472721,0.00625,0.08625,1600,0.692832646871048,0.986543805698337,0,0.025,80,,,,,,,,,,,"Estimate | Std. Error | df | t value | Pr(>|t|)",14.6300000000001,80.4700000000003,1.39999999999964,96.5,4,45240270,TRUE
"RMM027","Study 2",40,40,0,0.05,"none","Clean","study2_robust_rs","Study 2 robust random slope",5,20260925,-0.0341126136650899,0.0266383103154312,1631.54655918089,-1.28058473909019,0.200521577723173,-0.086361502897571,0.0181362755673913,FALSE,TRUE,TRUE,TRUE,0,TRUE,TRUE,1.26038681007661,0,1.02515956971748,0.433463833794416,0.96260329345254,0.00625,0.08125,1600,0.778440576072935,0.9907610889757,0,0.025,80,,,,,,,,,,,"Estimate | Std. Error | df | t value | Pr(>|t|)",29.0899999999992,76.7200000000003,1.47999999999956,107.289999999999,5,395562116,TRUE
"RMM028","Study 2",40,40,0,0.05,"vertical","Vertical outliers","study2_robust_ri","Study 2 robust random intercept",5,20260925,-0.0185152936067664,0.0287490966930026,929.068882645133,-0.644030447442649,0.519714645678599,-0.0749359893455573,0.0379054021320245,FALSE,TRUE,TRUE,TRUE,0,TRUE,FALSE,1.10084295718766,,1.11430008023828,0.17441622345899,0.938464663320244,0.05375,0.105,1600,0.481379189678205,0.948322888286348,0.025,0.1,40,,,,,,,,,,,"Estimate | Std. Error | df | t value | Pr(>|t|)",17.5,49.8500000000004,1.32999999999993,68.6800000000003,1,1486507527,TRUE
"RMM028","Study 2",40,40,0,0.05,"vertical","Vertical outliers","study2_robust_ri","Study 2 robust random intercept",5,20260925,-0.0322553815742096,0.028904981925668,981.455908959884,-1.11591080240623,0.264733456144242,-0.0889780559564786,0.0244672928080594,FALSE,TRUE,TRUE,TRUE,0,TRUE,FALSE,0.929329230507835,,1.10205329398942,0.176128521568293,0.934574048901091,0.05375,0.1125,1600,0.529266014703456,0.952516943648725,0,0.125,40,,,,,,,,,,,"Estimate | Std. Error | df | t value | Pr(>|t|)",15.5,51.8899999999994,1.35000000000036,68.7399999999998,2,997572265,TRUE
"RMM028","Study 2",40,40,0,0.05,"vertical","Vertical outliers","study2_robust_ri","Study 2 robust random intercept",5,20260925,0.0462553093888887,0.0291779901236911,1293.95649154518,1.58528086385675,0.113146874823432,-0.0109860429963569,0.103496661774134,FALSE,TRUE,TRUE,TRUE,0,TRUE,FALSE,1.04531194632121,,1.12280455209985,0.193633996417594,0.942697574491482,0.05125,0.095,1600,0.540041892836078,0.958926054536782,0,0.075,40,,,,,,,,,,,"Estimate | Std. Error | df | t value | Pr(>|t|)",13.9499999999998,51.9700000000003,1.32999999999993,67.25,3,2002591949,TRUE
"RMM028","Study 2",40,40,0,0.05,"vertical","Vertical outliers","study2_robust_ri","Study 2 robust random intercept",5,20260925,3.32948358594783e-05,0.028466097108328,1229.70599327687,0.00116963121894703,0.999066959228561,-0.0558141984472377,0.0558807881189567,FALSE,TRUE,TRUE,TRUE,0,TRUE,FALSE,0.81792216297639,,1.09012258318352,0.164408008515607,0.937513041607167,0.0525,0.1025,1600,0.741089843815105,0.975235895472975,0,0.025,40,,,,,,,,,,,"Estimate | Std. Error | df | t value | Pr(>|t|)",15.6800000000003,53.3000000000002,1.32999999999993,70.3100000000004,4,45240270,TRUE
"RMM028","Study 2",40,40,0,0.05,"vertical","Vertical outliers","study2_robust_ri","Study 2 robust random intercept",5,20260925,-0.0600559482698908,0.0295160026597691,1919.79693590842,-2.03469111187431,0.0420191231577599,-0.117942745653706,-0.00216915088607535,TRUE,FALSE,TRUE,TRUE,0,TRUE,FALSE,1.23774276183893,,1.1359870057004,0.182747861670252,0.939439842430415,0.051875,0.1,1600,0.73286397378017,0.980683559646643,0,0.05,40,,,,,,,,,,,"Estimate | Std. Error | df | t value | Pr(>|t|)",13.7600000000002,49.5500000000002,1.28999999999996,64.6000000000004,5,395562116,TRUE
"RMM029","Study 2",40,40,0,0.05,"vertical","Vertical outliers","study2_robust_rs","Study 2 robust random slope",5,20260925,-0.0185152935779138,0.0287490982957513,929.075481731624,-0.644030410534652,0.519714668471894,-0.0749359919393918,0.0379054047835643,FALSE,TRUE,TRUE,TRUE,0,TRUE,TRUE,1.10084299975206,0,1.11430014237074,0.174416233313854,0.938464669586425,0.05375,0.105,1600,0.481379210507681,0.974161447084246,0.0125,0.05,80,,,,,,,,,,,"Estimate | Std. Error | df | t value | Pr(>|t|)",71.6700000000001,78.4699999999993,1.40000000000055,151.54,1,1486507527,TRUE
"RMM029","Study 2",40,40,0,0.05,"vertical","Vertical outliers","study2_robust_rs","Study 2 robust random slope",5,20260925,-0.032255380871886,0.0289049818539156,981.45712412768,-1.11591078087865,0.264733465017361,-0.0889780550266363,0.0244672932828642,FALSE,TRUE,TRUE,TRUE,0,TRUE,TRUE,0.929329345291177,0,1.1020532911706,0.176128521305683,0.934574048519959,0.05375,0.1125,1600,0.529266081121071,0.976258479778749,0,0.0625,80,,,,,,,,,,,"Estimate | Std. Error | df | t value | Pr(>|t|)",24.5,80.5299999999997,1.46000000000004,106.49,2,997572265,TRUE
"RMM029","Study 2",40,40,0,0.05,"vertical","Vertical outliers","study2_robust_rs","Study 2 robust random slope",5,20260925,0.0462553094801017,0.0291779910503418,1293.96809971212,1.58528081663661,0.113146883356161,-0.0109860442422746,0.103496663202478,FALSE,TRUE,TRUE,TRUE,0,TRUE,TRUE,1.04531200062925,0,1.1228045877466,0.1936340025679,0.942697577947428,0.05125,0.095,1600,0.540041920441991,0.979463031056839,0,0.0375,80,,,,,,,,,,,"Estimate | Std. Error | df | t value | Pr(>|t|)",22.5799999999999,76.3499999999995,1.88000000000011,100.809999999999,3,2002591949,TRUE
"RMM029","Study 2",40,40,0,0.05,"vertical","Vertical outliers","study2_robust_rs","Study 2 robust random slope",5,20260925,3.32945933836437e-05,0.0284660978083195,1229.70700282309,0.0011696226721287,0.999066966046389,-0.0558142000178527,0.05588078920462,FALSE,TRUE,TRUE,TRUE,0,TRUE,TRUE,0.817922206238119,0,1.09012260995488,0.164408012503973,0.937513044488014,0.0525,0.1025,1600,0.741089887757154,0.987617951768234,0,0.0125,80,,"boundary (singular) fit: see help('isSingular')",,,,,,,,,"Estimate | Std. Error | df | t value | Pr(>|t|)",35.5699999999997,80.5799999999999,1.39000000000033,117.54,4,45240270,TRUE
"RMM029","Study 2",40,40,0,0.05,"vertical","Vertical outliers","study2_robust_rs","Study 2 robust random slope",5,20260925,-0.0600559460183663,0.0295160026168246,1919.81509950721,-2.03469103855322,0.0420191292494493,-0.117942742972459,-0.00216914906427315,TRUE,FALSE,TRUE,TRUE,0,TRUE,TRUE,1.23774291182386,0,1.13598700395519,0.182747861343593,0.939439842189436,0.051875,0.1,1600,0.732864061581986,0.990341786128775,0,0.025,80,,,,,,,,,,,"Estimate | Std. Error | df | t value | Pr(>|t|)",32.5,76.6099999999997,1.44999999999982,110.559999999999,5,395562116,TRUE
"RMM030","Study 2",40,40,0,0.1,"none","Clean","study2_robust_ri","Study 2 robust random intercept",5,20260925,-0.00900844252061731,0.0262038834413726,865.034715207408,-0.343782727501914,0.731093234219602,-0.0604390707950169,0.0424221857537823,FALSE,TRUE,TRUE,TRUE,0,TRUE,FALSE,1.12585393425441,,1.01558961351454,0.406155390288076,0.962648325407311,0.00625,0.078125,1600,0.471287437386055,0.949328364904722,0.025,0.1,40,,,,,,,,,,,"Estimate | Std. Error | df | t value | Pr(>|t|)",14.7799999999997,44.8900000000003,1.36999999999989,61.04,1,1486507527,TRUE
"RMM030","Study 2",40,40,0,0.1,"none","Clean","study2_robust_ri","Study 2 robust random intercept",5,20260925,-0.0342338457021531,0.0260202302135316,1007.51413120349,-1.31566267558809,0.188586584338172,-0.0852938988835435,0.0168262074792374,FALSE,TRUE,TRUE,TRUE,0,TRUE,FALSE,0.938385283892621,,0.992005688920984,0.397789345029055,0.956574566145931,0.01,0.100625,1600,0.564645805810244,0.951238402825794,0,0.125,40,,,,,,,,,,,"Estimate | Std. Error | df | t value | Pr(>|t|)",9.94000000000051,48.6999999999998,1.34999999999945,59.9899999999998,2,997572265,TRUE
"RMM030","Study 2",40,40,0,0.1,"none","Clean","study2_robust_ri","Study 2 robust random intercept",5,20260925,0.0388992734139757,0.0265876988701905,1094.61333509712,1.46305528748066,0.143739320432002,-0.013269342960109,0.0910678897880604,FALSE,TRUE,TRUE,TRUE,0,TRUE,FALSE,1.03088658919686,,1.02308757972931,0.42582463882988,0.967096738879298,0.0025,0.069375,1600,0.530667523440656,0.960476161999882,0,0.075,40,,,,,,,,,,,"Estimate | Std. Error | df | t value | Pr(>|t|)",11.2799999999997,49.1400000000003,1.31999999999971,61.7399999999998,3,2002591949,TRUE
"RMM030","Study 2",40,40,0,0.1,"none","Clean","study2_robust_ri","Study 2 robust random intercept",5,20260925,0.000906208157977027,0.0256478674792015,1479.17875578772,0.0353326902796848,0.971819223797435,-0.049403854919308,0.0512162712352621,FALSE,TRUE,TRUE,TRUE,0,TRUE,FALSE,0.830105782692706,,0.98207758525696,0.361763924445228,0.959709178885829,0.005625,0.08625,1600,0.694616370539578,0.973185277671333,0,0.05,40,,,,,,,,,,,"Estimate | Std. Error | df | t value | Pr(>|t|)",10.75,48.29,1.31999999999971,60.3599999999997,4,45240270,TRUE
"RMM030","Study 2",40,40,0,0.1,"none","Clean","study2_robust_ri","Study 2 robust random intercept",5,20260925,-0.0300035925766361,0.0267409250548078,1526.64711036979,-1.12201027134032,0.262034511002105,-0.0824564279744051,0.0224492428211329,FALSE,TRUE,TRUE,TRUE,0,TRUE,FALSE,1.26033395542907,,1.02911074714019,0.419341665427244,0.962490252115348,0.006875,0.0825,1600,0.778410050614379,0.981611731752854,0,0.05,40,,,,,,,,,,,"Estimate | Std. Error | df | t value | Pr(>|t|)",10.2199999999993,46.5500000000002,1.32999999999993,58.0999999999995,5,395562116,TRUE
"RMM031","Study 2",40,40,0,0.1,"none","Clean","study2_robust_rs","Study 2 robust random slope",5,20260925,-0.00937722125335259,0.036419552764726,23.9597920931905,-0.257477660802987,0.799008523206409,-0.0845501595519975,0.0657957170452923,FALSE,TRUE,TRUE,TRUE,0,TRUE,FALSE,1.1335554206418,0.156820029961016,1.00184627497093,0.404591723771775,0.96346433819713,0.006875,0.074375,1600,0.473337862849461,0.973070593765097,0.0125,0.05,80,,,,,,,,,,,"Estimate | Std. Error | df | t value | Pr(>|t|)",41.4499999999998,136.54,1.8100000000004,179.8,1,1486507527,TRUE
"RMM031","Study 2",40,40,0,0.1,"none","Clean","study2_robust_rs","Study 2 robust random slope",5,20260925,-0.0342338448097573,0.0260202288114232,1007.51427208924,-1.31566271218677,0.188586572011408,-0.0852938952311731,0.0168262056116585,FALSE,TRUE,TRUE,TRUE,0,TRUE,TRUE,0.938385352521313,0,0.99200563540564,0.397789323759799,0.956574558806928,0.01,0.100625,1600,0.564645846863344,0.975619206198603,0,0.0625,80,,,,,,,,,,,"Estimate | Std. Error | df | t value | Pr(>|t|)",63.71,76.5600000000004,1.40000000000055,141.670000000001,2,997572265,TRUE
"RMM031","Study 2",40,40,0,0.1,"none","Clean","study2_robust_rs","Study 2 robust random slope",5,20260925,0.038899273433571,0.0265876984950698,1094.60164680816,1.46305530885963,0.143739317648221,-0.0132693428211051,0.0910678896882471,FALSE,TRUE,TRUE,TRUE,0,TRUE,TRUE,1.03088653044944,0,1.02308756531458,0.425824632556753,0.967096737001978,0.0025,0.069375,1600,0.530667494380105,0.980238077697154,0,0.0375,80,,,,,,,,,,,"Estimate | Std. Error | df | t value | Pr(>|t|)",29,78.3600000000006,1.44999999999982,108.81,3,2002591949,TRUE
"RMM031","Study 2",40,40,0,0.1,"none","Clean","study2_robust_rs","Study 2 robust random slope",5,20260925,0.000906208434994632,0.0256478680970799,1479.17802681338,0.0353327002292954,0.971819215867441,-0.0494038558746057,0.0512162727445949,FALSE,TRUE,TRUE,TRUE,0,TRUE,TRUE,0.830105728191524,0,0.982077608996574,0.36176393359885,0.959709182222901,0.005625,0.08625,1600,0.694616324079577,0.986592633710413,0,0.025,80,,,,,,,,,,,"Estimate | Std. Error | df | t value | Pr(>|t|)",47.3800000000001,80.5,1.48000000000047,129.360000000001,4,45240270,TRUE
"RMM031","Study 2",40,40,0,0.1,"none","Clean","study2_robust_rs","Study 2 robust random slope",5,20260925,-0.0300035928390633,0.0267409255753086,1526.64396657192,-1.12201025931456,0.262034516476864,-0.0824564293435075,0.0224492436653809,FALSE,TRUE,TRUE,TRUE,0,TRUE,TRUE,1.26033389791192,0,1.02911076720687,0.41934167386644,0.962490254660399,0.006875,0.0825,1600,0.778410017286472,0.990805863457365,0,0.025,80,,,,,,,,,,,"Estimate | Std. Error | df | t value | Pr(>|t|)",91.2600000000002,75.8599999999997,1.4399999999996,168.559999999999,5,395562116,TRUE
"RMM032","Study 2",40,40,0,0.1,"vertical","Vertical outliers","study2_robust_ri","Study 2 robust random intercept",5,20260925,-0.0149779925679705,0.0289304153981567,912.229288095025,-0.517724766887543,0.604775840172245,-0.0717558971755221,0.0417999120395811,FALSE,TRUE,TRUE,TRUE,0,TRUE,FALSE,1.09954488079593,,1.12133266315434,0.174367523517667,0.938573184887488,0.053125,0.10375,1600,0.479962192479083,0.948124987780782,0.025,0.1,40,,,,,,,,,,,"Estimate | Std. Error | df | t value | Pr(>|t|)",15.2799999999997,50.5900000000001,1.39999999999964,67.2699999999995,1,1486507527,TRUE
"RMM032","Study 2",40,40,0,0.1,"vertical","Vertical outliers","study2_robust_ri","Study 2 robust random intercept",5,20260925,-0.0362662485270117,0.0289728446528926,944.751896602964,-1.2517324053436,0.210977211750045,-0.0931248230729664,0.0205923260189431,FALSE,TRUE,TRUE,TRUE,0,TRUE,FALSE,0.931020677406023,,1.10464102835236,0.177938591825043,0.934425160340291,0.05375,0.111875,1600,0.530897533909474,0.952675907891259,0,0.125,40,,,,,,,,,,,"Estimate | Std. Error | df | t value | Pr(>|t|)",15.3699999999999,52.4800000000005,1.35999999999967,69.21,2,997572265,TRUE
"RMM032","Study 2",40,40,0,0.1,"vertical","Vertical outliers","study2_robust_ri","Study 2 robust random intercept",5,20260925,0.0392763618258579,0.0292174245005738,1299.17953637441,1.34427871372053,0.179092951291319,-0.0180421371374401,0.096594860789156,FALSE,TRUE,TRUE,TRUE,0,TRUE,FALSE,1.044334941113,,1.12432338597677,0.194455853254915,0.942520863889444,0.0525,0.093125,1600,0.538885521439029,0.959213843270962,0,0.075,40,,,,,,,,,,,"Estimate | Std. Error | df | t value | Pr(>|t|)",14.4499999999998,53.3199999999997,1.32000000000062,69.0900000000001,3,2002591949,TRUE
"RMM032","Study 2",40,40,0,0.1,"vertical","Vertical outliers","study2_robust_ri","Study 2 robust random intercept",5,20260925,0.00675947838016699,0.0286403840546252,1303.71938919342,0.236012141711326,0.813460319421676,-0.0494268050211499,0.0629457617814839,FALSE,TRUE,TRUE,TRUE,0,TRUE,FALSE,0.819967522150924,,1.09680150418918,0.165129342625591,0.937998993854485,0.0525,0.100625,1600,0.740755369088095,0.97552707276738,0,0.025,40,,,,,,,,,,,"Estimate | Std. Error | df | t value | Pr(>|t|)",15.8499999999995,53.2800000000007,1.36999999999989,70.5,4,45240270,TRUE
"RMM032","Study 2",40,40,0,0.1,"vertical","Vertical outliers","study2_robust_ri","Study 2 robust random intercept",5,20260925,-0.0556252635911828,0.0296050168578766,1754.95835027949,-1.87891342397203,0.0604219325666223,-0.113690076226785,0.00243954904441936,FALSE,TRUE,TRUE,TRUE,0,TRUE,FALSE,1.23773548272274,,1.13941519573941,0.183300717363094,0.939267800208585,0.051875,0.1,1600,0.732741495494072,0.980798471680159,0,0.05,40,,,,,,,,,,,"Estimate | Std. Error | df | t value | Pr(>|t|)",13.9499999999998,49.8900000000003,1.30999999999949,65.1499999999996,5,395562116,TRUE
"RMM033","Study 2",40,40,0,0.1,"vertical","Vertical outliers","study2_robust_rs","Study 2 robust random slope",5,20260925,-0.0185448690760685,0.0390777807951467,24.787087945118,-0.474563004825794,0.639252864772643,-0.0990621331525104,0.0619723950003734,FALSE,TRUE,TRUE,TRUE,0,TRUE,FALSE,1.10407316545038,0.16278495238695,1.10794822773712,0.174337821373519,0.939145448249527,0.053125,0.104375,1600,0.481366058358145,0.974189806638135,0.0125,0.0625,80,,,,,,,,,,,"Estimate | Std. Error | df | t value | Pr(>|t|)",53.1400000000003,137.77,1.77999999999975,192.69,1,1486507527,TRUE
"RMM033","Study 2",40,40,0,0.1,"vertical","Vertical outliers","study2_robust_rs","Study 2 robust random slope",5,20260925,-0.0362662484447409,0.0289728450048,944.753393626296,-1.25173238730034,0.21097721783323,-0.0931248235657372,0.0205923266762553,FALSE,TRUE,TRUE,TRUE,0,TRUE,TRUE,0.931020730101185,0,1.10464104174003,0.177938594033507,0.934425161745054,0.05375,0.111875,1600,0.530897564820245,0.976337957708465,0,0.0625,80,,,,,,,,,,,"Estimate | Std. Error | df | t value | Pr(>|t|)",21.9800000000005,78.2399999999998,1.5,101.72,2,997572265,TRUE
"RMM033","Study 2",40,40,0,0.1,"vertical","Vertical outliers","study2_robust_rs","Study 2 robust random slope",5,20260925,0.0392763621202382,0.0292174248900358,1299.19027886057,1.34427870587708,0.17909295188599,-0.0180421371651618,0.0965948614056382,FALSE,TRUE,TRUE,TRUE,0,TRUE,TRUE,1.04433505907506,0,1.12432340090475,0.194455855777529,0.942520865302292,0.0525,0.093125,1600,0.538885579402484,0.979606929337705,0,0.0375,80,,,,,,,,,,,"Estimate | Std. Error | df | t value | Pr(>|t|)",26.3000000000002,79.1999999999998,1.44000000000051,106.940000000001,3,2002591949,TRUE
"RMM033","Study 2",40,40,0,0.1,"vertical","Vertical outliers","study2_robust_rs","Study 2 robust random slope",5,20260925,0.00675947881800746,0.0286403850534602,1303.71961012607,0.236012148767909,0.813460313940865,-0.0494268065339617,0.0629457641699766,FALSE,TRUE,TRUE,TRUE,0,TRUE,TRUE,0.819967540026015,0,1.09680154245663,0.165129348468275,0.937998997956646,0.0525,0.100625,1600,0.740755390734973,0.987763538298518,0,0.0125,80,,"boundary (singular) fit: see help('isSingular')",,,,,,,,,"Estimate | Std. Error | df | t value | Pr(>|t|)",50.0900000000001,80.1999999999998,1.39999999999964,131.69,4,45240270,TRUE
"RMM033","Study 2",40,40,0,0.1,"vertical","Vertical outliers","study2_robust_rs","Study 2 robust random slope",5,20260925,-0.0556252607687974,0.0296050162692845,1754.97354299446,-1.87891336599295,0.0604219390556178,-0.113690071903074,0.00243955036547937,FALSE,TRUE,TRUE,TRUE,0,TRUE,TRUE,1.23773565901056,0,1.13941517296276,0.183300713638954,0.939267797988225,0.051875,0.1,1600,0.732741598563882,0.990399243189607,0,0.025,80,,,,,,,,,,,"Estimate | Std. Error | df | t value | Pr(>|t|)",47.0299999999997,76.1700000000001,1.42000000000007,124.62,5,395562116,TRUE
